,Unnamed: 0,sub,roi,phase,acc,shuff_acc,pval,roi_group
0,0,1,LO,E,0.57,0.4974,0.28,object
1,1,1,LO,R,0.4349999999999999,0.50285,0.79,object
2,2,1,PFS,E,0.4600000000000001,0.5038999999999999,0.62,object
3,3,1,PFS,R,0.45,0.50505,0.78,object
4,4,1,PPA,E,0.515,0.488,0.38,scene
5,5,1,PPA,R,0.525,0.5084000000000001,0.42,scene
6,6,1,RSC,E,0.55,0.5085999999999999,0.31,scene
7,7,1,RSC,R,0.375,0.4937,0.92,scene
8,8,1,OPA,E,0.45,0.50775,0.74,scene
9,9,1,OPA,R,0.395,0.4803499999999999,0.81,scene
10,10,1,headbody,E,0.5549999999999999,0.4915500000000001,0.24,hpc
11,11,1,headbody,R,0.4050000000000001,0.51745,0.88,hpc
12,12,1,tail,E,0.7,0.5153,0.01,hpc
13,13,1,tail,R,0.37,0.4967,0.94,hpc
14,14,1,PRC,E,0.52,0.4842,0.36,none
15,15,1,PRC,R,0.43,0.4952499999999999,0.78,none
16,16,1,EVC,E,0.54,0.494,0.27,visual
17,17,1,EVC,R,0.45,0.50325,0.73,visual
18,18,2,LO,E,0.64,0.5008,0.06,object
19,19,2,LO,R,0.5599999999999999,0.4934,0.23,object
20,20,2,PFS,E,0.6900000000000001,0.5238,0.02,object
21,21,2,PFS,R,0.47,0.5086999999999999,0.65,object
22,22,2,PPA,E,0.76,0.5019500000000001,0.0,scene
23,23,2,PPA,R,0.4549999999999999,0.50485,0.72,scene
24,24,2,RSC,E,0.61,0.5037,0.12,scene
25,25,2,RSC,R,0.54,0.5045499999999999,0.36,scene
26,26,2,OPA,E,0.545,0.50925,0.35,scene
27,27,2,OPA,R,0.61,0.50105,0.11,scene
28,28,2,headbody,E,0.44,0.5008999999999999,0.8,hpc
29,29,2,headbody,R,0.275,0.5025,1.0,hpc
30,30,2,tail,E,0.545,0.4946,0.24,hpc
31,31,2,tail,R,0.245,0.5028499999999999,1.0,hpc
32,32,2,PRC,E,0.375,0.5041,0.95,none
33,33,2,PRC,R,0.5800000000000001,0.48705,0.16,none
34,34,2,EVC,E,0.61,0.50235,0.07,visual
35,35,2,EVC,R,0.4599999999999999,0.5015,0.66,visual
36,36,3,LO,E,0.7083333333333334,0.4924166666666666,0.01,object
37,37,3,LO,R,0.3333333333333333,0.4857499999999999,0.93,object
38,38,3,PFS,E,0.7083333333333333,0.5024166666666667,0.0,object
39,39,3,PFS,R,0.5333333333333334,0.5140833333333333,0.4,object
40,40,3,PPA,E,0.7583333333333333,0.5017499999999999,0.0,scene
41,41,3,PPA,R,0.4,0.5003333333333334,0.85,scene
42,42,3,RSC,E,0.525,0.5044166666666667,0.36,scene
43,43,3,RSC,R,0.55,0.499,0.34,scene
44,44,3,OPA,E,0.55,0.4832499999999999,0.24,scene
45,45,3,OPA,R,0.4,0.5038333333333334,0.83,scene
46,46,3,headbody,E,0.5833333333333334,0.4984999999999999,0.23,hpc
47,47,3,headbody,R,0.2583333333333333,0.5010833333333333,0.99,hpc
48,48,3,tail,E,0.5833333333333333,0.5010833333333333,0.25,hpc
49,49,3,tail,R,0.4,0.5026666666666667,0.85,hpc
50,50,3,PRC,E,0.4416666666666666,0.4864166666666666,0.74,none
51,51,3,PRC,R,0.3916666666666666,0.50575,0.85,none
52,52,3,EVC,E,0.6916666666666667,0.4964166666666667,0.02,visual
53,53,3,EVC,R,0.3583333333333333,0.507,0.95,visual
54,54,4,LO,E,0.5,0.50395,0.48,object
55,55,4,LO,R,0.415,0.4791499999999999,0.82,object
56,56,4,PFS,E,0.54,0.4927500000000001,0.28,object
57,57,4,PFS,R,0.4,0.5077,0.84,object
58,58,4,PPA,E,0.485,0.4966,0.52,scene
59,59,4,PPA,R,0.555,0.48105,0.21,scene
60,60,4,RSC,E,0.4549999999999999,0.4967,0.68,scene
61,61,4,RSC,R,0.415,0.48695,0.78,scene
62,62,4,headbody,E,0.555,0.5024,0.26,hpc
63,63,4,headbody,R,0.485,0.49605,0.54,hpc
64,64,4,tail,E,0.515,0.4946,0.38,hpc
65,65,4,tail,R,0.665,0.4865499999999999,0.01,hpc
66,66,4,PRC,E,0.5050000000000001,0.52095,0.56,none
67,67,4,PRC,R,0.48,0.4916,0.57,none
68,68,4,EVC,E,0.515,0.4831999999999999,0.4,visual
69,69,4,EVC,R,0.515,0.50665,0.49,visual
70,70,5,LO,E,0.605,0.5121000000000001,0.18,object
71,71,5,LO,R,0.365,0.4943499999999999,0.94,object
72,72,5,PFS,E,0.45,0.4808,0.65,object
73,73,5,PFS,R,0.535,0.4986,0.4,object
74,74,5,PPA,E,0.675,0.48945,0.04,scene
75,75,5,PPA,R,0.51,0.49845,0.49,scene
76,76,5,RSC,E,0.5,0.4920500000000001,0.47,scene
77,77,5,RSC,R,0.4949999999999999,0.4917500000000001,0.45,scene
78,78,5,OPA,E,0.5700000000000001,0.4841499999999999,0.2,scene
79,79,5,OPA,R,0.6050000000000001,0.503,0.09,scene
80,80,5,headbody,E,0.38,0.5056,0.94,hpc
81,81,5,headbody,R,0.35,0.4962999999999999,0.94,hpc
82,82,5,tail,E,0.4349999999999999,0.50855,0.86,hpc
83,83,5,tail,R,0.4599999999999999,0.5063,0.64,hpc
84,84,5,PRC,E,0.465,0.4804,0.61,none
85,85,5,PRC,R,0.595,0.4958999999999999,0.1,none
86,86,5,EVC,E,0.675,0.494,0.04,visual
87,87,5,EVC,R,0.44,0.4924000000000001,0.72,visual
88,88,6,LO,E,0.655,0.4878,0.03,object
89,89,6,LO,R,0.38,0.49755,0.87,object
90,90,6,PFS,E,0.725,0.4971,0.0,object
91,91,6,PFS,R,0.495,0.50785,0.51,object
92,92,6,PPA,E,0.755,0.4986,0.0,scene
93,93,6,PPA,R,0.375,0.49785,0.94,scene
94,94,6,headbody,E,0.43,0.4977000000000001,0.78,hpc
95,95,6,headbody,R,0.495,0.5049,0.58,hpc
96,96,6,tail,E,0.49,0.4930000000000001,0.52,hpc
97,97,6,tail,R,0.4349999999999999,0.4977499999999999,0.72,hpc
98,98,6,PRC,E,0.605,0.4876000000000001,0.11,none
99,99,6,PRC,R,0.4050000000000001,0.5087,0.86,none
100,100,6,EVC,E,0.765,0.49915,0.0,visual
101,101,6,EVC,R,0.33,0.49805,0.96,visual
102,102,7,LO,E,0.8300000000000001,0.49885,0.0,object
103,103,7,LO,R,0.52,0.5004500000000001,0.38,object
104,104,7,PFS,E,0.77,0.49595,0.0,object
105,105,7,PFS,R,0.44,0.48345,0.68,object
106,106,7,PPA,E,0.8300000000000001,0.4958499999999999,0.0,scene
107,107,7,PPA,R,0.545,0.5084,0.34,scene
108,108,7,OPA,E,0.8400000000000001,0.493,0.0,scene
109,109,7,OPA,R,0.6,0.4966000000000001,0.16,scene
110,110,7,headbody,E,0.62,0.5016499999999999,0.1,hpc
111,111,7,headbody,R,0.415,0.5089,0.82,hpc
112,112,7,tail,E,0.5599999999999999,0.4942,0.25,hpc
113,113,7,tail,R,0.53,0.50865,0.36,hpc
114,114,7,PRC,E,0.775,0.5064500000000001,0.0,none
115,115,7,PRC,R,0.4549999999999999,0.5047000000000001,0.72,none
116,116,7,EVC,E,0.835,0.5089000000000001,0.0,visual
117,117,7,EVC,R,0.79,0.4915500000000001,0.0,visual
118,118,8,LO,E,0.7849999999999999,0.49825,0.0,object
119,119,8,LO,R,0.62,0.4936,0.09,object
120,120,8,PFS,E,0.805,0.51555,0.0,object
121,121,8,PFS,R,0.515,0.4979,0.47,object
122,122,8,PPA,E,0.86,0.4912999999999999,0.0,scene
123,123,8,PPA,R,0.6300000000000001,0.4791500000000001,0.04,scene
124,124,8,RSC,E,0.8100000000000002,0.4997,0.0,scene
125,125,8,RSC,R,0.6599999999999999,0.48885,0.06,scene
126,126,8,OPA,E,0.795,0.48885,0.01,scene
127,127,8,OPA,R,0.6900000000000001,0.50355,0.01,scene
128,128,8,headbody,E,0.595,0.4956000000000001,0.12,hpc
129,129,8,headbody,R,0.71,0.5072,0.02,hpc
130,130,8,tail,E,0.5549999999999999,0.51385,0.34,hpc
131,131,8,tail,R,0.4,0.4966,0.86,hpc
132,132,8,PRC,E,0.75,0.4904,0.0,none
133,133,8,PRC,R,0.54,0.5005,0.32,none
134,134,8,EVC,E,0.7150000000000001,0.4918000000000001,0.0,visual
135,135,8,EVC,R,0.6050000000000001,0.4984999999999999,0.1,visual
136,136,9,LO,E,0.8150000000000001,0.4882999999999999,0.0,object
137,137,9,LO,R,0.5650000000000001,0.5055499999999999,0.26,object
138,138,9,PFS,E,0.795,0.49135,0.0,object
139,139,9,PFS,R,0.605,0.5174500000000001,0.14,object
140,140,9,PPA,E,0.8600000000000001,0.49065,0.0,scene
141,141,9,PPA,R,0.525,0.49835,0.39,scene
142,142,9,RSC,E,0.635,0.5011000000000001,0.06,scene
143,143,9,RSC,R,0.6100000000000001,0.4893,0.06,scene
144,144,9,OPA,E,0.75,0.5106,0.01,scene
145,145,9,OPA,R,0.45,0.5045499999999999,0.71,scene
146,146,9,headbody,E,0.705,0.5024000000000001,0.0,hpc
147,147,9,headbody,R,0.5599999999999999,0.4998000000000001,0.27,hpc
148,148,9,tail,E,0.57,0.4940500000000001,0.22,hpc
149,149,9,tail,R,0.375,0.4973,0.91,hpc
150,150,9,PRC,E,0.74,0.48435,0.0,none
151,151,9,PRC,R,0.53,0.4772,0.27,none
152,152,9,EVC,E,0.795,0.5011,0.0,visual
153,153,9,EVC,R,0.445,0.4736999999999999,0.62,visual
154,154,10,LO,E,0.82,0.5034500000000001,0.0,object
155,155,10,LO,R,0.5349999999999999,0.513,0.37,object
156,156,10,PFS,E,0.8150000000000001,0.4948999999999999,0.0,object
157,157,10,PFS,R,0.725,0.4978000000000001,0.0,object
158,158,10,PPA,E,0.8150000000000001,0.5011999999999999,0.0,scene
159,159,10,PPA,R,0.6900000000000001,0.4795000000000001,0.01,scene
160,160,10,RSC,E,0.795,0.47695,0.0,scene
161,161,10,RSC,R,0.8400000000000001,0.50615,0.0,scene
162,162,10,OPA,E,0.76,0.49655,0.0,scene
163,163,10,OPA,R,0.695,0.4935,0.01,scene
164,164,10,headbody,E,0.5,0.51465,0.55,hpc
165,165,10,headbody,R,0.525,0.4823,0.3,hpc
166,166,10,tail,E,0.45,0.5078,0.73,hpc
167,167,10,tail,R,0.6050000000000001,0.4893,0.1,hpc
168,168,10,PRC,E,0.49,0.4913,0.5,none
169,169,10,PRC,R,0.585,0.48625,0.15,none
170,170,10,EVC,E,0.8150000000000001,0.48385,0.0,visual
171,171,10,EVC,R,0.6,0.51635,0.18,visual
172,172,11,LO,E,0.875,0.51225,0.0,object
173,173,11,LO,R,0.645,0.4972499999999999,0.04,object
174,174,11,PFS,E,0.8600000000000001,0.4907,0.0,object
175,175,11,PFS,R,0.5349999999999999,0.49845,0.33,object
176,176,11,PPA,E,0.8949999999999999,0.5135500000000001,0.0,scene
177,177,11,PPA,R,0.6050000000000001,0.50365,0.14,scene
178,178,11,RSC,E,0.8150000000000001,0.50265,0.0,scene
179,179,11,RSC,R,0.6300000000000001,0.4987,0.05,scene
180,180,11,OPA,E,0.735,0.50345,0.0,scene
181,181,11,OPA,R,0.85,0.49735,0.0,scene
182,182,11,headbody,E,0.625,0.4974499999999999,0.08,hpc
183,183,11,headbody,R,0.41,0.5059,0.82,hpc
184,184,11,tail,E,0.6,0.5084500000000001,0.17,hpc
185,185,11,tail,R,0.55,0.50255,0.34,hpc
186,186,11,PRC,E,0.7150000000000001,0.5,0.01,none
187,187,11,PRC,R,0.55,0.4973,0.26,none
188,188,11,EVC,E,0.85,0.49765,0.0,visual
189,189,11,EVC,R,0.735,0.4986,0.02,visual
190,190,12,LO,E,0.86,0.4789,0.0,object
191,191,12,LO,R,0.8550000000000001,0.5090499999999999,0.0,object
192,192,12,PFS,E,0.79,0.4909,0.0,object
193,193,12,PFS,R,0.5800000000000001,0.5103,0.22,object
194,194,12,PPA,E,0.91,0.51305,0.0,scene
195,195,12,PPA,R,0.8100000000000002,0.4654999999999999,0.0,scene
196,196,12,RSC,E,0.875,0.4973999999999999,0.0,scene
197,197,12,RSC,R,0.8,0.4814,0.0,scene
198,198,12,OPA,E,0.8300000000000001,0.49195,0.0,scene
199,199,12,OPA,R,0.7300000000000001,0.4926499999999999,0.0,scene
200,200,12,headbody,E,0.5900000000000001,0.49495,0.18,hpc
201,201,12,headbody,R,0.41,0.5037,0.84,hpc
202,202,12,tail,E,0.5,0.49665,0.53,hpc
203,203,12,tail,R,0.465,0.5065500000000001,0.66,hpc
204,204,12,PRC,E,0.7150000000000001,0.48225,0.0,none
205,205,12,PRC,R,0.62,0.50665,0.08,none
206,206,12,EVC,E,0.875,0.49535,0.0,visual
207,207,12,EVC,R,0.745,0.5024000000000001,0.0,visual
208,208,13,LO,E,0.8400000000000001,0.5083500000000001,0.0,object
209,209,13,LO,R,0.63,0.4829,0.07,object
210,210,13,PFS,E,0.8350000000000002,0.52185,0.0,object
211,211,13,PFS,R,0.645,0.4862,0.07,object
212,212,13,PPA,E,0.8550000000000001,0.49855,0.0,scene
213,213,13,PPA,R,0.5650000000000001,0.4844999999999999,0.17,scene
214,214,13,RSC,E,0.8100000000000002,0.4947999999999999,0.0,scene
215,215,13,RSC,R,0.475,0.4896999999999999,0.58,scene
216,216,13,OPA,E,0.75,0.50265,0.01,scene
217,217,13,OPA,R,0.49,0.5130499999999999,0.53,scene
218,218,13,headbody,E,0.6,0.50155,0.15,hpc
219,219,13,headbody,R,0.41,0.5009,0.86,hpc
220,220,13,tail,E,0.58,0.47245,0.1,hpc
221,221,13,tail,R,0.45,0.495,0.75,hpc
222,222,13,PRC,E,0.71,0.49335,0.0,none
223,223,13,PRC,R,0.39,0.5002000000000001,0.95,none
224,224,13,EVC,E,0.82,0.5018,0.0,visual
225,225,13,EVC,R,0.73,0.49265,0.01,visual
226,226,14,LO,E,0.775,0.5085000000000001,0.0,object
227,227,14,LO,R,0.54,0.4932500000000001,0.32,object
228,228,14,PFS,E,0.75,0.4968499999999999,0.0,object
229,229,14,PFS,R,0.5,0.4839,0.46,object
230,230,14,PPA,E,0.8150000000000001,0.51475,0.0,scene
231,231,14,PPA,R,0.6050000000000001,0.49385,0.11,scene
232,232,14,RSC,E,0.835,0.4902499999999999,0.0,scene
233,233,14,RSC,R,0.5050000000000001,0.48715,0.41,scene
234,234,14,OPA,E,0.755,0.50475,0.0,scene
235,235,14,OPA,R,0.47,0.50295,0.65,scene
236,236,14,headbody,E,0.65,0.523,0.07,hpc
237,237,14,headbody,R,0.52,0.4935,0.42,hpc
238,238,14,tail,E,0.665,0.49945,0.04,hpc
239,239,14,tail,R,0.505,0.50235,0.52,hpc
240,240,14,PRC,E,0.55,0.5099999999999999,0.29,none
241,241,14,PRC,R,0.58,0.51535,0.23,none
242,242,14,EVC,E,0.75,0.4867,0.0,visual
243,243,14,EVC,R,0.5549999999999999,0.49425,0.27,visual
244,244,15,LO,E,0.8150000000000001,0.4982,0.0,object
245,245,15,LO,R,0.54,0.4828,0.3,object
246,246,15,PFS,E,0.825,0.5219,0.0,object
247,247,15,PFS,R,0.5700000000000001,0.4865,0.19,object
248,248,15,PPA,E,0.76,0.4939,0.0,scene
249,249,15,PPA,R,0.595,0.4930499999999999,0.12,scene
250,250,15,RSC,E,0.795,0.5022999999999999,0.0,scene
251,251,15,RSC,R,0.54,0.5020500000000001,0.34,scene
252,252,15,OPA,E,0.785,0.4977,0.0,scene
253,253,15,OPA,R,0.625,0.5186000000000001,0.16,scene
254,254,15,headbody,E,0.48,0.5074000000000001,0.67,hpc
255,255,15,headbody,R,0.385,0.5031,0.9,hpc
256,256,15,tail,E,0.52,0.49325,0.42,hpc
257,257,15,tail,R,0.5650000000000001,0.4972999999999999,0.25,hpc
258,258,15,PRC,E,0.465,0.49475,0.64,none
259,259,15,PRC,R,0.54,0.49655,0.35,none
260,260,15,EVC,E,0.795,0.48355,0.0,visual
261,261,15,EVC,R,0.49,0.49965,0.55,visual
262,262,16,LO,E,0.77,0.4956999999999999,0.0,object
263,263,16,LO,R,0.645,0.49655,0.09,object
264,264,16,PFS,E,0.8550000000000001,0.5007499999999999,0.0,object
265,265,16,PFS,R,0.5549999999999999,0.5190499999999999,0.35,object
266,266,16,PPA,E,0.74,0.50385,0.01,scene
267,267,16,PPA,R,0.5900000000000001,0.51795,0.24,scene
268,268,16,RSC,E,0.58,0.5115500000000001,0.25,scene
269,269,16,RSC,R,0.495,0.49825,0.53,scene
270,270,16,OPA,E,0.7050000000000001,0.5168500000000001,0.0,scene
271,271,16,OPA,R,0.35,0.48605,0.96,scene
272,272,16,headbody,E,0.545,0.51935,0.43,hpc
273,273,16,headbody,R,0.49,0.50065,0.58,hpc
274,274,16,tail,E,0.6050000000000001,0.49355,0.14,hpc
275,275,16,tail,R,0.555,0.5029,0.33,hpc
276,276,16,PRC,E,0.635,0.4904500000000001,0.06,none
277,277,16,PRC,R,0.575,0.50055,0.19,none
278,278,16,EVC,E,0.7150000000000001,0.4941000000000001,0.0,visual
279,279,16,EVC,R,0.655,0.5018499999999999,0.04,visual
280,280,17,LO,E,0.92,0.48645,0.0,object
281,281,17,LO,R,0.76,0.5079499999999999,0.0,object
282,282,17,PFS,E,0.82,0.49335,0.0,object
283,283,17,PFS,R,0.735,0.4959000000000001,0.0,object
284,284,17,PPA,E,0.8150000000000001,0.5022000000000001,0.0,scene
285,285,17,PPA,R,0.835,0.49535,0.0,scene
286,286,17,RSC,E,0.8099999999999999,0.48295,0.0,scene
287,287,17,RSC,R,0.7300000000000001,0.504,0.0,scene
288,288,17,OPA,E,0.8800000000000001,0.49225,0.0,scene
289,289,17,OPA,R,0.7300000000000001,0.4971000000000001,0.0,scene
290,290,17,headbody,E,0.6,0.4983999999999999,0.15,hpc
291,291,17,headbody,R,0.72,0.48765,0.0,hpc
292,292,17,tail,E,0.8550000000000001,0.4922000000000001,0.0,hpc
293,293,17,tail,R,0.7300000000000001,0.48915,0.0,hpc
294,294,17,PRC,E,0.61,0.5061000000000001,0.13,none
295,295,17,PRC,R,0.695,0.4816000000000001,0.01,none
296,296,17,EVC,E,0.865,0.50455,0.0,visual
297,297,17,EVC,R,0.7050000000000001,0.4911,0.01,visual
298,298,18,LO,E,0.875,0.51435,0.0,object
299,299,18,LO,R,0.5900000000000001,0.4983000000000001,0.17,object
300,300,18,PFS,E,0.8400000000000001,0.48955,0.0,object
301,301,18,PFS,R,0.53,0.4936499999999999,0.36,object
302,302,18,PPA,E,0.8099999999999999,0.5005999999999999,0.0,scene
303,303,18,PPA,R,0.705,0.5029,0.03,scene
304,304,18,RSC,E,0.745,0.51115,0.01,scene
305,305,18,RSC,R,0.5700000000000001,0.4833,0.19,scene
306,306,18,OPA,E,0.77,0.4892,0.0,scene
307,307,18,OPA,R,0.7150000000000001,0.49345,0.01,scene
308,308,18,headbody,E,0.575,0.4994999999999999,0.18,hpc
309,309,18,headbody,R,0.44,0.50485,0.81,hpc
310,310,18,tail,E,0.5599999999999999,0.48755,0.24,hpc
311,311,18,tail,R,0.565,0.4914,0.22,hpc
312,312,18,PRC,E,0.585,0.5107499999999999,0.19,none
313,313,18,PRC,R,0.41,0.4968000000000001,0.87,none
314,314,18,EVC,E,0.7699999999999999,0.49895,0.01,visual
315,315,18,EVC,R,0.62,0.50185,0.09,visual
316,316,19,LO,E,0.6450000000000001,0.4888000000000001,0.02,object
317,317,19,LO,R,0.5700000000000001,0.4941,0.16,object
318,318,19,PFS,E,0.92,0.48565,0.0,object
319,319,19,PFS,R,0.64,0.4876500000000001,0.05,object
320,320,19,PPA,E,0.875,0.4797499999999999,0.0,scene
321,321,19,PPA,R,0.63,0.49245,0.04,scene
322,322,19,RSC,E,0.6950000000000001,0.50115,0.01,scene
323,323,19,RSC,R,0.6300000000000001,0.5015999999999999,0.1,scene
324,324,19,OPA,E,0.74,0.4903499999999999,0.0,scene
325,325,19,OPA,R,0.6699999999999999,0.4927499999999999,0.02,scene
326,326,19,headbody,E,0.49,0.5095500000000001,0.59,hpc
327,327,19,headbody,R,0.5,0.4957999999999999,0.46,hpc
328,328,19,tail,E,0.465,0.4867000000000001,0.59,hpc
329,329,19,tail,R,0.42,0.5014500000000001,0.82,hpc
330,330,19,PRC,E,0.425,0.4934999999999999,0.72,none
331,331,19,PRC,R,0.45,0.48935,0.7,none
332,332,19,EVC,E,0.805,0.5003,0.0,visual
333,333,19,EVC,R,0.65,0.4907999999999999,0.07,visual
334,334,20,LO,E,0.8400000000000001,0.4928499999999999,0.0,object
335,335,20,LO,R,0.6449999999999999,0.4955,0.06,object
336,336,20,PFS,E,0.705,0.48745,0.02,object
337,337,20,PFS,R,0.43,0.4959,0.74,object
338,338,20,PPA,E,0.89,0.50445,0.0,scene
339,339,20,PPA,R,0.705,0.4994999999999999,0.01,scene
340,340,20,RSC,E,0.8800000000000001,0.4833,0.0,scene
341,341,20,RSC,R,0.71,0.47475,0.01,scene
342,342,20,OPA,E,0.8099999999999999,0.4901999999999999,0.0,scene
343,343,20,OPA,R,0.6100000000000001,0.51315,0.19,scene
344,344,20,headbody,E,0.6050000000000001,0.4867,0.11,hpc
345,345,20,headbody,R,0.485,0.4957499999999999,0.54,hpc
346,346,20,tail,E,0.64,0.4904499999999999,0.03,hpc
347,347,20,tail,R,0.53,0.4913,0.37,hpc
348,348,20,EVC,E,0.7550000000000001,0.50135,0.0,visual
349,349,20,EVC,R,0.755,0.47895,0.0,visual
350,350,21,LO,E,0.8699999999999999,0.5003,0.0,object
351,351,21,LO,R,0.625,0.48655,0.09,object
352,352,21,PFS,E,0.8550000000000001,0.4980999999999999,0.0,object
353,353,21,PFS,R,0.645,0.5008,0.08,object
354,354,21,PPA,E,0.8800000000000001,0.49565,0.0,scene
355,355,21,PPA,R,0.6849999999999999,0.5104500000000001,0.04,scene
356,356,21,RSC,E,0.805,0.4928500000000001,0.0,scene
357,357,21,RSC,R,0.63,0.50385,0.09,scene
358,358,21,OPA,E,0.8800000000000001,0.4901,0.0,scene
359,359,21,OPA,R,0.545,0.4965,0.36,scene
360,360,21,headbody,E,0.745,0.48625,0.0,hpc
361,361,21,headbody,R,0.5700000000000001,0.472,0.11,hpc
362,362,21,tail,E,0.5700000000000001,0.5073000000000001,0.27,hpc
363,363,21,tail,R,0.42,0.48585,0.8,hpc
364,364,21,PRC,E,0.85,0.498,0.0,none
365,365,21,PRC,R,0.765,0.495,0.0,none
366,366,21,EVC,E,0.85,0.4918499999999999,0.0,visual
367,367,21,EVC,R,0.6849999999999999,0.50245,0.05,visual
368,368,22,LO,E,0.8699999999999999,0.51425,0.0,object
369,369,22,LO,R,0.6849999999999999,0.5084000000000001,0.03,object
370,370,22,PFS,E,0.86,0.4839000000000001,0.0,object
371,371,22,PFS,R,0.8100000000000002,0.5002,0.0,object
372,372,22,PPA,E,0.86,0.49335,0.0,scene
373,373,22,PPA,R,0.73,0.495,0.0,scene
374,374,22,RSC,E,0.875,0.4803500000000001,0.0,scene
375,375,22,RSC,R,0.62,0.49455,0.09,scene
376,376,22,OPA,E,0.8699999999999999,0.5007999999999999,0.0,scene
377,377,22,OPA,R,0.57,0.48925,0.15,scene
378,378,22,headbody,E,0.7550000000000001,0.4889999999999999,0.0,hpc
379,379,22,headbody,R,0.6599999999999999,0.4967000000000001,0.07,hpc
380,380,22,tail,E,0.4599999999999999,0.4943499999999999,0.63,hpc
381,381,22,tail,R,0.5900000000000001,0.4921999999999999,0.1,hpc
382,382,22,PRC,E,0.6449999999999999,0.4906,0.04,none
383,383,22,PRC,R,0.635,0.4875,0.06,none
384,384,22,EVC,E,0.8949999999999999,0.49535,0.0,visual
385,385,22,EVC,R,0.53,0.4838,0.31,visual
