,category,sub,phase,high_level,mid_level,fine_level
0,Ebignottoolchair,1,E,big,nottool,chair
1,Ebignottoollamppost,1,E,big,nottool,lamppost
2,Ebignottooltv,1,E,big,nottool,tv
3,Ebigtoolguitar,1,E,big,tool,guitar
4,Ebigtoolleafblower,1,E,big,tool,leafblower
5,Ebigtoolumbrella,1,E,big,tool,umbrella
6,Eclosedmanmadebathroom,1,E,closed,manmade,bathroom
7,Eclosedmanmadeconferencehall,1,E,closed,manmade,conferencehall
8,Eclosedmanmadelivingroom,1,E,closed,manmade,livingroom
9,Eclosednaturalcave,1,E,closed,natural,cave
10,Eclosednaturalforestccanopy,1,E,closed,natural,forestccanopy
11,Eclosednaturalicecave,1,E,closed,natural,icecave
12,Eopenmanmadecity,1,E,open,manmade,city
13,Eopenmanmadefarmhouse,1,E,open,manmade,farmhouse
14,Eopenmanmadesuburbs,1,E,open,manmade,suburbs
15,Eopennaturalgarden,1,E,open,natural,garden
16,Eopennaturallake,1,E,open,natural,lake
17,Eopennaturalmountains,1,E,open,natural,mountains
18,Esmallnottoolbowl,1,E,small,nottool,bowl
19,Esmallnottoolcupcake,1,E,small,nottool,cupcake
20,Esmallnottoolflowers,1,E,small,nottool,flowers
21,Esmalltooldrill,1,E,small,tool,drill
22,Esmalltoolhairbrush,1,E,small,tool,hairbrush
23,Esmalltoolwateringcan,1,E,small,tool,wateringcan
24,Rbignottoolchair,1,R,big,nottool,chair
25,Rbignottoollamppost,1,R,big,nottool,lamppost
26,Rbignottooltv,1,R,big,nottool,tv
27,Rbigtoolguitar,1,R,big,tool,guitar
28,Rbigtoolleafblower,1,R,big,tool,leafblower
29,Rbigtoolumbrella,1,R,big,tool,umbrella
30,Rclosedmanmadebathroom,1,R,closed,manmade,bathroom
31,Rclosedmanmadeconferencehall,1,R,closed,manmade,conferencehall
32,Rclosedmanmadelivingroom,1,R,closed,manmade,livingroom
33,Rclosednaturalcave,1,R,closed,natural,cave
34,Rclosednaturalforestccanopy,1,R,closed,natural,forestccanopy
35,Rclosednaturalicecave,1,R,closed,natural,icecave
36,Ropenmanmadecity,1,R,open,manmade,city
37,Ropenmanmadefarmhouse,1,R,open,manmade,farmhouse
38,Ropenmanmadesuburbs,1,R,open,manmade,suburbs
39,Ropennaturalgarden,1,R,open,natural,garden
40,Ropennaturallake,1,R,open,natural,lake
41,Ropennaturalmountains,1,R,open,natural,mountains
42,Rsmallnottoolbowl,1,R,small,nottool,bowl
43,Rsmallnottoolcupcake,1,R,small,nottool,cupcake
44,Rsmallnottoolflowers,1,R,small,nottool,flowers
45,Rsmalltooldrill,1,R,small,tool,drill
46,Rsmalltoolhairbrush,1,R,small,tool,hairbrush
47,Rsmalltoolwateringcan,1,R,small,tool,wateringcan
48,Dbignottoolchair,1,D,big,nottool,chair
49,Dbignottoollamppost,1,D,big,nottool,lamppost
50,Dbignottooltv,1,D,big,nottool,tv
51,Dbigtoolguitar,1,D,big,tool,guitar
52,Dbigtoolleafblower,1,D,big,tool,leafblower
53,Dbigtoolumbrella,1,D,big,tool,umbrella
54,Dclosedmanmadebathroom,1,D,closed,manmade,bathroom
55,Dclosedmanmadeconferencehall,1,D,closed,manmade,conferencehall
56,Dclosedmanmadelivingroom,1,D,closed,manmade,livingroom
57,Dclosednaturalcave,1,D,closed,natural,cave
58,Dclosednaturalforestccanopy,1,D,closed,natural,forestccanopy
59,Dclosednaturalicecave,1,D,closed,natural,icecave
60,Dopenmanmadecity,1,D,open,manmade,city
61,Dopenmanmadefarmhouse,1,D,open,manmade,farmhouse
62,Dopenmanmadesuburbs,1,D,open,manmade,suburbs
63,Dopennaturalgarden,1,D,open,natural,garden
64,Dopennaturallake,1,D,open,natural,lake
65,Dopennaturalmountains,1,D,open,natural,mountains
66,Dsmallnottoolbowl,1,D,small,nottool,bowl
67,Dsmallnottoolcupcake,1,D,small,nottool,cupcake
68,Dsmallnottoolflowers,1,D,small,nottool,flowers
69,Dsmalltooldrill,1,D,small,tool,drill
70,Dsmalltoolhairbrush,1,D,small,tool,hairbrush
71,Dsmalltoolwateringcan,1,D,small,tool,wateringcan
72,Ebignottoolchair,2,E,big,nottool,chair
73,Ebignottoollamppost,2,E,big,nottool,lamppost
74,Ebignottooltv,2,E,big,nottool,tv
75,Ebigtoolguitar,2,E,big,tool,guitar
76,Ebigtoolleafblower,2,E,big,tool,leafblower
77,Ebigtoolumbrella,2,E,big,tool,umbrella
78,Eclosedmanmadebathroom,2,E,closed,manmade,bathroom
79,Eclosedmanmadeconferencehall,2,E,closed,manmade,conferencehall
80,Eclosedmanmadelivingroom,2,E,closed,manmade,livingroom
81,Eclosednaturalcave,2,E,closed,natural,cave
82,Eclosednaturalforestccanopy,2,E,closed,natural,forestccanopy
83,Eclosednaturalicecave,2,E,closed,natural,icecave
84,Eopenmanmadecity,2,E,open,manmade,city
85,Eopenmanmadefarmhouse,2,E,open,manmade,farmhouse
86,Eopenmanmadesuburbs,2,E,open,manmade,suburbs
87,Eopennaturalgarden,2,E,open,natural,garden
88,Eopennaturallake,2,E,open,natural,lake
89,Eopennaturalmountains,2,E,open,natural,mountains
90,Esmallnottoolbowl,2,E,small,nottool,bowl
91,Esmallnottoolcupcake,2,E,small,nottool,cupcake
92,Esmallnottoolflowers,2,E,small,nottool,flowers
93,Esmalltooldrill,2,E,small,tool,drill
94,Esmalltoolhairbrush,2,E,small,tool,hairbrush
95,Esmalltoolwateringcan,2,E,small,tool,wateringcan
96,Rbignottoolchair,2,R,big,nottool,chair
97,Rbignottoollamppost,2,R,big,nottool,lamppost
98,Rbignottooltv,2,R,big,nottool,tv
99,Rbigtoolguitar,2,R,big,tool,guitar
100,Rbigtoolleafblower,2,R,big,tool,leafblower
101,Rbigtoolumbrella,2,R,big,tool,umbrella
102,Rclosedmanmadebathroom,2,R,closed,manmade,bathroom
103,Rclosedmanmadeconferencehall,2,R,closed,manmade,conferencehall
104,Rclosedmanmadelivingroom,2,R,closed,manmade,livingroom
105,Rclosednaturalcave,2,R,closed,natural,cave
106,Rclosednaturalforestccanopy,2,R,closed,natural,forestccanopy
107,Rclosednaturalicecave,2,R,closed,natural,icecave
108,Ropenmanmadecity,2,R,open,manmade,city
109,Ropenmanmadefarmhouse,2,R,open,manmade,farmhouse
110,Ropenmanmadesuburbs,2,R,open,manmade,suburbs
111,Ropennaturalgarden,2,R,open,natural,garden
112,Ropennaturallake,2,R,open,natural,lake
113,Ropennaturalmountains,2,R,open,natural,mountains
114,Rsmallnottoolbowl,2,R,small,nottool,bowl
115,Rsmallnottoolcupcake,2,R,small,nottool,cupcake
116,Rsmallnottoolflowers,2,R,small,nottool,flowers
117,Rsmalltooldrill,2,R,small,tool,drill
118,Rsmalltoolhairbrush,2,R,small,tool,hairbrush
119,Rsmalltoolwateringcan,2,R,small,tool,wateringcan
120,Dbignottoolchair,2,D,big,nottool,chair
121,Dbignottoollamppost,2,D,big,nottool,lamppost
122,Dbignottooltv,2,D,big,nottool,tv
123,Dbigtoolguitar,2,D,big,tool,guitar
124,Dbigtoolleafblower,2,D,big,tool,leafblower
125,Dbigtoolumbrella,2,D,big,tool,umbrella
126,Dclosedmanmadebathroom,2,D,closed,manmade,bathroom
127,Dclosedmanmadeconferencehall,2,D,closed,manmade,conferencehall
128,Dclosedmanmadelivingroom,2,D,closed,manmade,livingroom
129,Dclosednaturalcave,2,D,closed,natural,cave
130,Dclosednaturalforestccanopy,2,D,closed,natural,forestccanopy
131,Dclosednaturalicecave,2,D,closed,natural,icecave
132,Dopenmanmadecity,2,D,open,manmade,city
133,Dopenmanmadefarmhouse,2,D,open,manmade,farmhouse
134,Dopenmanmadesuburbs,2,D,open,manmade,suburbs
135,Dopennaturalgarden,2,D,open,natural,garden
136,Dopennaturallake,2,D,open,natural,lake
137,Dopennaturalmountains,2,D,open,natural,mountains
138,Dsmallnottoolbowl,2,D,small,nottool,bowl
139,Dsmallnottoolcupcake,2,D,small,nottool,cupcake
140,Dsmallnottoolflowers,2,D,small,nottool,flowers
141,Dsmalltooldrill,2,D,small,tool,drill
142,Dsmalltoolhairbrush,2,D,small,tool,hairbrush
143,Dsmalltoolwateringcan,2,D,small,tool,wateringcan
144,Ebignottoolchair,3,E,big,nottool,chair
145,Ebignottoollamppost,3,E,big,nottool,lamppost
146,Ebignottooltv,3,E,big,nottool,tv
147,Ebigtoolguitar,3,E,big,tool,guitar
148,Ebigtoolleafblower,3,E,big,tool,leafblower
149,Ebigtoolumbrella,3,E,big,tool,umbrella
150,Eclosedmanmadebathroom,3,E,closed,manmade,bathroom
151,Eclosedmanmadeconferencehall,3,E,closed,manmade,conferencehall
152,Eclosedmanmadelivingroom,3,E,closed,manmade,livingroom
153,Eclosednaturalcave,3,E,closed,natural,cave
154,Eclosednaturalforestccanopy,3,E,closed,natural,forestccanopy
155,Eclosednaturalicecave,3,E,closed,natural,icecave
156,Eopenmanmadecity,3,E,open,manmade,city
157,Eopenmanmadefarmhouse,3,E,open,manmade,farmhouse
158,Eopenmanmadesuburbs,3,E,open,manmade,suburbs
159,Eopennaturalgarden,3,E,open,natural,garden
160,Eopennaturallake,3,E,open,natural,lake
161,Eopennaturalmountains,3,E,open,natural,mountains
162,Esmallnottoolbowl,3,E,small,nottool,bowl
163,Esmallnottoolcupcake,3,E,small,nottool,cupcake
164,Esmallnottoolflowers,3,E,small,nottool,flowers
165,Esmalltooldrill,3,E,small,tool,drill
166,Esmalltoolhairbrush,3,E,small,tool,hairbrush
167,Esmalltoolwateringcan,3,E,small,tool,wateringcan
168,Rbignottoolchair,3,R,big,nottool,chair
169,Rbignottoollamppost,3,R,big,nottool,lamppost
170,Rbignottooltv,3,R,big,nottool,tv
171,Rbigtoolguitar,3,R,big,tool,guitar
172,Rbigtoolleafblower,3,R,big,tool,leafblower
173,Rbigtoolumbrella,3,R,big,tool,umbrella
174,Rclosedmanmadebathroom,3,R,closed,manmade,bathroom
175,Rclosedmanmadeconferencehall,3,R,closed,manmade,conferencehall
176,Rclosedmanmadelivingroom,3,R,closed,manmade,livingroom
177,Rclosednaturalcave,3,R,closed,natural,cave
178,Rclosednaturalforestccanopy,3,R,closed,natural,forestccanopy
179,Rclosednaturalicecave,3,R,closed,natural,icecave
180,Ropenmanmadecity,3,R,open,manmade,city
181,Ropenmanmadefarmhouse,3,R,open,manmade,farmhouse
182,Ropenmanmadesuburbs,3,R,open,manmade,suburbs
183,Ropennaturalgarden,3,R,open,natural,garden
184,Ropennaturallake,3,R,open,natural,lake
185,Ropennaturalmountains,3,R,open,natural,mountains
186,Rsmallnottoolbowl,3,R,small,nottool,bowl
187,Rsmallnottoolcupcake,3,R,small,nottool,cupcake
188,Rsmallnottoolflowers,3,R,small,nottool,flowers
189,Rsmalltooldrill,3,R,small,tool,drill
190,Rsmalltoolhairbrush,3,R,small,tool,hairbrush
191,Rsmalltoolwateringcan,3,R,small,tool,wateringcan
192,Dbignottoolchair,3,D,big,nottool,chair
193,Dbignottoollamppost,3,D,big,nottool,lamppost
194,Dbignottooltv,3,D,big,nottool,tv
195,Dbigtoolguitar,3,D,big,tool,guitar
196,Dbigtoolleafblower,3,D,big,tool,leafblower
197,Dbigtoolumbrella,3,D,big,tool,umbrella
198,Dclosedmanmadebathroom,3,D,closed,manmade,bathroom
199,Dclosedmanmadeconferencehall,3,D,closed,manmade,conferencehall
200,Dclosedmanmadelivingroom,3,D,closed,manmade,livingroom
201,Dclosednaturalcave,3,D,closed,natural,cave
202,Dclosednaturalforestccanopy,3,D,closed,natural,forestccanopy
203,Dclosednaturalicecave,3,D,closed,natural,icecave
204,Dopenmanmadecity,3,D,open,manmade,city
205,Dopenmanmadefarmhouse,3,D,open,manmade,farmhouse
206,Dopenmanmadesuburbs,3,D,open,manmade,suburbs
207,Dopennaturalgarden,3,D,open,natural,garden
208,Dopennaturallake,3,D,open,natural,lake
209,Dopennaturalmountains,3,D,open,natural,mountains
210,Dsmallnottoolbowl,3,D,small,nottool,bowl
211,Dsmallnottoolcupcake,3,D,small,nottool,cupcake
212,Dsmallnottoolflowers,3,D,small,nottool,flowers
213,Dsmalltooldrill,3,D,small,tool,drill
214,Dsmalltoolhairbrush,3,D,small,tool,hairbrush
215,Dsmalltoolwateringcan,3,D,small,tool,wateringcan
216,Ebignottoolchair,4,E,big,nottool,chair
217,Ebignottoollamppost,4,E,big,nottool,lamppost
218,Ebignottooltv,4,E,big,nottool,tv
219,Ebigtoolguitar,4,E,big,tool,guitar
220,Ebigtoolleafblower,4,E,big,tool,leafblower
221,Ebigtoolumbrella,4,E,big,tool,umbrella
222,Eclosedmanmadebathroom,4,E,closed,manmade,bathroom
223,Eclosedmanmadeconferencehall,4,E,closed,manmade,conferencehall
224,Eclosedmanmadelivingroom,4,E,closed,manmade,livingroom
225,Eclosednaturalcave,4,E,closed,natural,cave
226,Eclosednaturalforestccanopy,4,E,closed,natural,forestccanopy
227,Eclosednaturalicecave,4,E,closed,natural,icecave
228,Eopenmanmadecity,4,E,open,manmade,city
229,Eopenmanmadefarmhouse,4,E,open,manmade,farmhouse
230,Eopenmanmadesuburbs,4,E,open,manmade,suburbs
231,Eopennaturalgarden,4,E,open,natural,garden
232,Eopennaturallake,4,E,open,natural,lake
233,Eopennaturalmountains,4,E,open,natural,mountains
234,Esmallnottoolbowl,4,E,small,nottool,bowl
235,Esmallnottoolcupcake,4,E,small,nottool,cupcake
236,Esmallnottoolflowers,4,E,small,nottool,flowers
237,Esmalltooldrill,4,E,small,tool,drill
238,Esmalltoolhairbrush,4,E,small,tool,hairbrush
239,Esmalltoolwateringcan,4,E,small,tool,wateringcan
240,Rbignottoolchair,4,R,big,nottool,chair
241,Rbignottoollamppost,4,R,big,nottool,lamppost
242,Rbignottooltv,4,R,big,nottool,tv
243,Rbigtoolguitar,4,R,big,tool,guitar
244,Rbigtoolleafblower,4,R,big,tool,leafblower
245,Rbigtoolumbrella,4,R,big,tool,umbrella
246,Rclosedmanmadebathroom,4,R,closed,manmade,bathroom
247,Rclosedmanmadeconferencehall,4,R,closed,manmade,conferencehall
248,Rclosedmanmadelivingroom,4,R,closed,manmade,livingroom
249,Rclosednaturalcave,4,R,closed,natural,cave
250,Rclosednaturalforestccanopy,4,R,closed,natural,forestccanopy
251,Rclosednaturalicecave,4,R,closed,natural,icecave
252,Ropenmanmadecity,4,R,open,manmade,city
253,Ropenmanmadefarmhouse,4,R,open,manmade,farmhouse
254,Ropenmanmadesuburbs,4,R,open,manmade,suburbs
255,Ropennaturalgarden,4,R,open,natural,garden
256,Ropennaturallake,4,R,open,natural,lake
257,Ropennaturalmountains,4,R,open,natural,mountains
258,Rsmallnottoolbowl,4,R,small,nottool,bowl
259,Rsmallnottoolcupcake,4,R,small,nottool,cupcake
260,Rsmallnottoolflowers,4,R,small,nottool,flowers
261,Rsmalltooldrill,4,R,small,tool,drill
262,Rsmalltoolhairbrush,4,R,small,tool,hairbrush
263,Rsmalltoolwateringcan,4,R,small,tool,wateringcan
264,Dbignottoolchair,4,D,big,nottool,chair
265,Dbignottoollamppost,4,D,big,nottool,lamppost
266,Dbignottooltv,4,D,big,nottool,tv
267,Dbigtoolguitar,4,D,big,tool,guitar
268,Dbigtoolleafblower,4,D,big,tool,leafblower
269,Dbigtoolumbrella,4,D,big,tool,umbrella
270,Dclosedmanmadebathroom,4,D,closed,manmade,bathroom
271,Dclosedmanmadeconferencehall,4,D,closed,manmade,conferencehall
272,Dclosedmanmadelivingroom,4,D,closed,manmade,livingroom
273,Dclosednaturalcave,4,D,closed,natural,cave
274,Dclosednaturalforestccanopy,4,D,closed,natural,forestccanopy
275,Dclosednaturalicecave,4,D,closed,natural,icecave
276,Dopenmanmadecity,4,D,open,manmade,city
277,Dopenmanmadefarmhouse,4,D,open,manmade,farmhouse
278,Dopenmanmadesuburbs,4,D,open,manmade,suburbs
279,Dopennaturalgarden,4,D,open,natural,garden
280,Dopennaturallake,4,D,open,natural,lake
281,Dopennaturalmountains,4,D,open,natural,mountains
282,Dsmallnottoolbowl,4,D,small,nottool,bowl
283,Dsmallnottoolcupcake,4,D,small,nottool,cupcake
284,Dsmallnottoolflowers,4,D,small,nottool,flowers
285,Dsmalltooldrill,4,D,small,tool,drill
286,Dsmalltoolhairbrush,4,D,small,tool,hairbrush
287,Dsmalltoolwateringcan,4,D,small,tool,wateringcan
288,Ebignottoolchair,5,E,big,nottool,chair
289,Ebignottoollamppost,5,E,big,nottool,lamppost
290,Ebignottooltv,5,E,big,nottool,tv
291,Ebigtoolguitar,5,E,big,tool,guitar
292,Ebigtoolleafblower,5,E,big,tool,leafblower
293,Ebigtoolumbrella,5,E,big,tool,umbrella
294,Eclosedmanmadebathroom,5,E,closed,manmade,bathroom
295,Eclosedmanmadeconferencehall,5,E,closed,manmade,conferencehall
296,Eclosedmanmadelivingroom,5,E,closed,manmade,livingroom
297,Eclosednaturalcave,5,E,closed,natural,cave
298,Eclosednaturalforestccanopy,5,E,closed,natural,forestccanopy
299,Eclosednaturalicecave,5,E,closed,natural,icecave
300,Eopenmanmadecity,5,E,open,manmade,city
301,Eopenmanmadefarmhouse,5,E,open,manmade,farmhouse
302,Eopenmanmadesuburbs,5,E,open,manmade,suburbs
303,Eopennaturalgarden,5,E,open,natural,garden
304,Eopennaturallake,5,E,open,natural,lake
305,Eopennaturalmountains,5,E,open,natural,mountains
306,Esmallnottoolbowl,5,E,small,nottool,bowl
307,Esmallnottoolcupcake,5,E,small,nottool,cupcake
308,Esmallnottoolflowers,5,E,small,nottool,flowers
309,Esmalltooldrill,5,E,small,tool,drill
310,Esmalltoolhairbrush,5,E,small,tool,hairbrush
311,Esmalltoolwateringcan,5,E,small,tool,wateringcan
312,Rbignottoolchair,5,R,big,nottool,chair
313,Rbignottoollamppost,5,R,big,nottool,lamppost
314,Rbignottooltv,5,R,big,nottool,tv
315,Rbigtoolguitar,5,R,big,tool,guitar
316,Rbigtoolleafblower,5,R,big,tool,leafblower
317,Rbigtoolumbrella,5,R,big,tool,umbrella
318,Rclosedmanmadebathroom,5,R,closed,manmade,bathroom
319,Rclosedmanmadeconferencehall,5,R,closed,manmade,conferencehall
320,Rclosedmanmadelivingroom,5,R,closed,manmade,livingroom
321,Rclosednaturalcave,5,R,closed,natural,cave
322,Rclosednaturalforestccanopy,5,R,closed,natural,forestccanopy
323,Rclosednaturalicecave,5,R,closed,natural,icecave
324,Ropenmanmadecity,5,R,open,manmade,city
325,Ropenmanmadefarmhouse,5,R,open,manmade,farmhouse
326,Ropenmanmadesuburbs,5,R,open,manmade,suburbs
327,Ropennaturalgarden,5,R,open,natural,garden
328,Ropennaturallake,5,R,open,natural,lake
329,Ropennaturalmountains,5,R,open,natural,mountains
330,Rsmallnottoolbowl,5,R,small,nottool,bowl
331,Rsmallnottoolcupcake,5,R,small,nottool,cupcake
332,Rsmallnottoolflowers,5,R,small,nottool,flowers
333,Rsmalltooldrill,5,R,small,tool,drill
334,Rsmalltoolhairbrush,5,R,small,tool,hairbrush
335,Rsmalltoolwateringcan,5,R,small,tool,wateringcan
336,Dbignottoolchair,5,D,big,nottool,chair
337,Dbignottoollamppost,5,D,big,nottool,lamppost
338,Dbignottooltv,5,D,big,nottool,tv
339,Dbigtoolguitar,5,D,big,tool,guitar
340,Dbigtoolleafblower,5,D,big,tool,leafblower
341,Dbigtoolumbrella,5,D,big,tool,umbrella
342,Dclosedmanmadebathroom,5,D,closed,manmade,bathroom
343,Dclosedmanmadeconferencehall,5,D,closed,manmade,conferencehall
344,Dclosedmanmadelivingroom,5,D,closed,manmade,livingroom
345,Dclosednaturalcave,5,D,closed,natural,cave
346,Dclosednaturalforestccanopy,5,D,closed,natural,forestccanopy
347,Dclosednaturalicecave,5,D,closed,natural,icecave
348,Dopenmanmadecity,5,D,open,manmade,city
349,Dopenmanmadefarmhouse,5,D,open,manmade,farmhouse
350,Dopenmanmadesuburbs,5,D,open,manmade,suburbs
351,Dopennaturalgarden,5,D,open,natural,garden
352,Dopennaturallake,5,D,open,natural,lake
353,Dopennaturalmountains,5,D,open,natural,mountains
354,Dsmallnottoolbowl,5,D,small,nottool,bowl
355,Dsmallnottoolcupcake,5,D,small,nottool,cupcake
356,Dsmallnottoolflowers,5,D,small,nottool,flowers
357,Dsmalltooldrill,5,D,small,tool,drill
358,Dsmalltoolhairbrush,5,D,small,tool,hairbrush
359,Dsmalltoolwateringcan,5,D,small,tool,wateringcan
360,Ebignottoolchair,6,E,big,nottool,chair
361,Ebignottoollamppost,6,E,big,nottool,lamppost
362,Ebignottooltv,6,E,big,nottool,tv
363,Ebigtoolguitar,6,E,big,tool,guitar
364,Ebigtoolleafblower,6,E,big,tool,leafblower
365,Ebigtoolumbrella,6,E,big,tool,umbrella
366,Eclosedmanmadebathroom,6,E,closed,manmade,bathroom
367,Eclosedmanmadeconferencehall,6,E,closed,manmade,conferencehall
368,Eclosedmanmadelivingroom,6,E,closed,manmade,livingroom
369,Eclosednaturalcave,6,E,closed,natural,cave
370,Eclosednaturalforestccanopy,6,E,closed,natural,forestccanopy
371,Eclosednaturalicecave,6,E,closed,natural,icecave
372,Eopenmanmadecity,6,E,open,manmade,city
373,Eopenmanmadefarmhouse,6,E,open,manmade,farmhouse
374,Eopenmanmadesuburbs,6,E,open,manmade,suburbs
375,Eopennaturalgarden,6,E,open,natural,garden
376,Eopennaturallake,6,E,open,natural,lake
377,Eopennaturalmountains,6,E,open,natural,mountains
378,Esmallnottoolbowl,6,E,small,nottool,bowl
379,Esmallnottoolcupcake,6,E,small,nottool,cupcake
380,Esmallnottoolflowers,6,E,small,nottool,flowers
381,Esmalltooldrill,6,E,small,tool,drill
382,Esmalltoolhairbrush,6,E,small,tool,hairbrush
383,Esmalltoolwateringcan,6,E,small,tool,wateringcan
384,Rbignottoolchair,6,R,big,nottool,chair
385,Rbignottoollamppost,6,R,big,nottool,lamppost
386,Rbignottooltv,6,R,big,nottool,tv
387,Rbigtoolguitar,6,R,big,tool,guitar
388,Rbigtoolleafblower,6,R,big,tool,leafblower
389,Rbigtoolumbrella,6,R,big,tool,umbrella
390,Rclosedmanmadebathroom,6,R,closed,manmade,bathroom
391,Rclosedmanmadeconferencehall,6,R,closed,manmade,conferencehall
392,Rclosedmanmadelivingroom,6,R,closed,manmade,livingroom
393,Rclosednaturalcave,6,R,closed,natural,cave
394,Rclosednaturalforestccanopy,6,R,closed,natural,forestccanopy
395,Rclosednaturalicecave,6,R,closed,natural,icecave
396,Ropenmanmadecity,6,R,open,manmade,city
397,Ropenmanmadefarmhouse,6,R,open,manmade,farmhouse
398,Ropenmanmadesuburbs,6,R,open,manmade,suburbs
399,Ropennaturalgarden,6,R,open,natural,garden
400,Ropennaturallake,6,R,open,natural,lake
401,Ropennaturalmountains,6,R,open,natural,mountains
402,Rsmallnottoolbowl,6,R,small,nottool,bowl
403,Rsmallnottoolcupcake,6,R,small,nottool,cupcake
404,Rsmallnottoolflowers,6,R,small,nottool,flowers
405,Rsmalltooldrill,6,R,small,tool,drill
406,Rsmalltoolhairbrush,6,R,small,tool,hairbrush
407,Rsmalltoolwateringcan,6,R,small,tool,wateringcan
408,Dbignottoolchair,6,D,big,nottool,chair
409,Dbignottoollamppost,6,D,big,nottool,lamppost
410,Dbignottooltv,6,D,big,nottool,tv
411,Dbigtoolguitar,6,D,big,tool,guitar
412,Dbigtoolleafblower,6,D,big,tool,leafblower
413,Dbigtoolumbrella,6,D,big,tool,umbrella
414,Dclosedmanmadebathroom,6,D,closed,manmade,bathroom
415,Dclosedmanmadeconferencehall,6,D,closed,manmade,conferencehall
416,Dclosedmanmadelivingroom,6,D,closed,manmade,livingroom
417,Dclosednaturalcave,6,D,closed,natural,cave
418,Dclosednaturalforestccanopy,6,D,closed,natural,forestccanopy
419,Dclosednaturalicecave,6,D,closed,natural,icecave
420,Dopenmanmadecity,6,D,open,manmade,city
421,Dopenmanmadefarmhouse,6,D,open,manmade,farmhouse
422,Dopenmanmadesuburbs,6,D,open,manmade,suburbs
423,Dopennaturalgarden,6,D,open,natural,garden
424,Dopennaturallake,6,D,open,natural,lake
425,Dopennaturalmountains,6,D,open,natural,mountains
426,Dsmallnottoolbowl,6,D,small,nottool,bowl
427,Dsmallnottoolcupcake,6,D,small,nottool,cupcake
428,Dsmallnottoolflowers,6,D,small,nottool,flowers
429,Dsmalltooldrill,6,D,small,tool,drill
430,Dsmalltoolhairbrush,6,D,small,tool,hairbrush
431,Dsmalltoolwateringcan,6,D,small,tool,wateringcan
432,Ebignottoolchair,7,E,big,nottool,chair
433,Ebignottoollamppost,7,E,big,nottool,lamppost
434,Ebignottooltv,7,E,big,nottool,tv
435,Ebigtoolguitar,7,E,big,tool,guitar
436,Ebigtoolleafblower,7,E,big,tool,leafblower
437,Ebigtoolumbrella,7,E,big,tool,umbrella
438,Eclosedmanmadebathroom,7,E,closed,manmade,bathroom
439,Eclosedmanmadeconferencehall,7,E,closed,manmade,conferencehall
440,Eclosedmanmadelivingroom,7,E,closed,manmade,livingroom
441,Eclosednaturalcave,7,E,closed,natural,cave
442,Eclosednaturalforestccanopy,7,E,closed,natural,forestccanopy
443,Eclosednaturalicecave,7,E,closed,natural,icecave
444,Eopenmanmadecity,7,E,open,manmade,city
445,Eopenmanmadefarmhouse,7,E,open,manmade,farmhouse
446,Eopenmanmadesuburbs,7,E,open,manmade,suburbs
447,Eopennaturalgarden,7,E,open,natural,garden
448,Eopennaturallake,7,E,open,natural,lake
449,Eopennaturalmountains,7,E,open,natural,mountains
450,Esmallnottoolbowl,7,E,small,nottool,bowl
451,Esmallnottoolcupcake,7,E,small,nottool,cupcake
452,Esmallnottoolflowers,7,E,small,nottool,flowers
453,Esmalltooldrill,7,E,small,tool,drill
454,Esmalltoolhairbrush,7,E,small,tool,hairbrush
455,Esmalltoolwateringcan,7,E,small,tool,wateringcan
456,Rbignottoolchair,7,R,big,nottool,chair
457,Rbignottoollamppost,7,R,big,nottool,lamppost
458,Rbignottooltv,7,R,big,nottool,tv
459,Rbigtoolguitar,7,R,big,tool,guitar
460,Rbigtoolleafblower,7,R,big,tool,leafblower
461,Rbigtoolumbrella,7,R,big,tool,umbrella
462,Rclosedmanmadebathroom,7,R,closed,manmade,bathroom
463,Rclosedmanmadeconferencehall,7,R,closed,manmade,conferencehall
464,Rclosedmanmadelivingroom,7,R,closed,manmade,livingroom
465,Rclosednaturalcave,7,R,closed,natural,cave
466,Rclosednaturalforestccanopy,7,R,closed,natural,forestccanopy
467,Rclosednaturalicecave,7,R,closed,natural,icecave
468,Ropenmanmadecity,7,R,open,manmade,city
469,Ropenmanmadefarmhouse,7,R,open,manmade,farmhouse
470,Ropenmanmadesuburbs,7,R,open,manmade,suburbs
471,Ropennaturalgarden,7,R,open,natural,garden
472,Ropennaturallake,7,R,open,natural,lake
473,Ropennaturalmountains,7,R,open,natural,mountains
474,Rsmallnottoolbowl,7,R,small,nottool,bowl
475,Rsmallnottoolcupcake,7,R,small,nottool,cupcake
476,Rsmallnottoolflowers,7,R,small,nottool,flowers
477,Rsmalltooldrill,7,R,small,tool,drill
478,Rsmalltoolhairbrush,7,R,small,tool,hairbrush
479,Rsmalltoolwateringcan,7,R,small,tool,wateringcan
480,Dbignottoolchair,7,D,big,nottool,chair
481,Dbignottoollamppost,7,D,big,nottool,lamppost
482,Dbignottooltv,7,D,big,nottool,tv
483,Dbigtoolguitar,7,D,big,tool,guitar
484,Dbigtoolleafblower,7,D,big,tool,leafblower
485,Dbigtoolumbrella,7,D,big,tool,umbrella
486,Dclosedmanmadebathroom,7,D,closed,manmade,bathroom
487,Dclosedmanmadeconferencehall,7,D,closed,manmade,conferencehall
488,Dclosedmanmadelivingroom,7,D,closed,manmade,livingroom
489,Dclosednaturalcave,7,D,closed,natural,cave
490,Dclosednaturalforestccanopy,7,D,closed,natural,forestccanopy
491,Dclosednaturalicecave,7,D,closed,natural,icecave
492,Dopenmanmadecity,7,D,open,manmade,city
493,Dopenmanmadefarmhouse,7,D,open,manmade,farmhouse
494,Dopenmanmadesuburbs,7,D,open,manmade,suburbs
495,Dopennaturalgarden,7,D,open,natural,garden
496,Dopennaturallake,7,D,open,natural,lake
497,Dopennaturalmountains,7,D,open,natural,mountains
498,Dsmallnottoolbowl,7,D,small,nottool,bowl
499,Dsmallnottoolcupcake,7,D,small,nottool,cupcake
500,Dsmallnottoolflowers,7,D,small,nottool,flowers
501,Dsmalltooldrill,7,D,small,tool,drill
502,Dsmalltoolhairbrush,7,D,small,tool,hairbrush
503,Dsmalltoolwateringcan,7,D,small,tool,wateringcan
504,Ebignottoolchair,8,E,big,nottool,chair
505,Ebignottoollamppost,8,E,big,nottool,lamppost
506,Ebignottooltv,8,E,big,nottool,tv
507,Ebigtoolguitar,8,E,big,tool,guitar
508,Ebigtoolleafblower,8,E,big,tool,leafblower
509,Ebigtoolumbrella,8,E,big,tool,umbrella
510,Eclosedmanmadebathroom,8,E,closed,manmade,bathroom
511,Eclosedmanmadeconferencehall,8,E,closed,manmade,conferencehall
512,Eclosedmanmadelivingroom,8,E,closed,manmade,livingroom
513,Eclosednaturalcave,8,E,closed,natural,cave
514,Eclosednaturalforestccanopy,8,E,closed,natural,forestccanopy
515,Eclosednaturalicecave,8,E,closed,natural,icecave
516,Eopenmanmadecity,8,E,open,manmade,city
517,Eopenmanmadefarmhouse,8,E,open,manmade,farmhouse
518,Eopenmanmadesuburbs,8,E,open,manmade,suburbs
519,Eopennaturalgarden,8,E,open,natural,garden
520,Eopennaturallake,8,E,open,natural,lake
521,Eopennaturalmountains,8,E,open,natural,mountains
522,Esmallnottoolbowl,8,E,small,nottool,bowl
523,Esmallnottoolcupcake,8,E,small,nottool,cupcake
524,Esmallnottoolflowers,8,E,small,nottool,flowers
525,Esmalltooldrill,8,E,small,tool,drill
526,Esmalltoolhairbrush,8,E,small,tool,hairbrush
527,Esmalltoolwateringcan,8,E,small,tool,wateringcan
528,Rbignottoolchair,8,R,big,nottool,chair
529,Rbignottoollamppost,8,R,big,nottool,lamppost
530,Rbignottooltv,8,R,big,nottool,tv
531,Rbigtoolguitar,8,R,big,tool,guitar
532,Rbigtoolleafblower,8,R,big,tool,leafblower
533,Rbigtoolumbrella,8,R,big,tool,umbrella
534,Rclosedmanmadebathroom,8,R,closed,manmade,bathroom
535,Rclosedmanmadeconferencehall,8,R,closed,manmade,conferencehall
536,Rclosedmanmadelivingroom,8,R,closed,manmade,livingroom
537,Rclosednaturalcave,8,R,closed,natural,cave
538,Rclosednaturalforestccanopy,8,R,closed,natural,forestccanopy
539,Rclosednaturalicecave,8,R,closed,natural,icecave
540,Ropenmanmadecity,8,R,open,manmade,city
541,Ropenmanmadefarmhouse,8,R,open,manmade,farmhouse
542,Ropenmanmadesuburbs,8,R,open,manmade,suburbs
543,Ropennaturalgarden,8,R,open,natural,garden
544,Ropennaturallake,8,R,open,natural,lake
545,Ropennaturalmountains,8,R,open,natural,mountains
546,Rsmallnottoolbowl,8,R,small,nottool,bowl
547,Rsmallnottoolcupcake,8,R,small,nottool,cupcake
548,Rsmallnottoolflowers,8,R,small,nottool,flowers
549,Rsmalltooldrill,8,R,small,tool,drill
550,Rsmalltoolhairbrush,8,R,small,tool,hairbrush
551,Rsmalltoolwateringcan,8,R,small,tool,wateringcan
552,Dbignottoolchair,8,D,big,nottool,chair
553,Dbignottoollamppost,8,D,big,nottool,lamppost
554,Dbignottooltv,8,D,big,nottool,tv
555,Dbigtoolguitar,8,D,big,tool,guitar
556,Dbigtoolleafblower,8,D,big,tool,leafblower
557,Dbigtoolumbrella,8,D,big,tool,umbrella
558,Dclosedmanmadebathroom,8,D,closed,manmade,bathroom
559,Dclosedmanmadeconferencehall,8,D,closed,manmade,conferencehall
560,Dclosedmanmadelivingroom,8,D,closed,manmade,livingroom
561,Dclosednaturalcave,8,D,closed,natural,cave
562,Dclosednaturalforestccanopy,8,D,closed,natural,forestccanopy
563,Dclosednaturalicecave,8,D,closed,natural,icecave
564,Dopenmanmadecity,8,D,open,manmade,city
565,Dopenmanmadefarmhouse,8,D,open,manmade,farmhouse
566,Dopenmanmadesuburbs,8,D,open,manmade,suburbs
567,Dopennaturalgarden,8,D,open,natural,garden
568,Dopennaturallake,8,D,open,natural,lake
569,Dopennaturalmountains,8,D,open,natural,mountains
570,Dsmallnottoolbowl,8,D,small,nottool,bowl
571,Dsmallnottoolcupcake,8,D,small,nottool,cupcake
572,Dsmallnottoolflowers,8,D,small,nottool,flowers
573,Dsmalltooldrill,8,D,small,tool,drill
574,Dsmalltoolhairbrush,8,D,small,tool,hairbrush
575,Dsmalltoolwateringcan,8,D,small,tool,wateringcan
576,Ebignottoolchair,9,E,big,nottool,chair
577,Ebignottoollamppost,9,E,big,nottool,lamppost
578,Ebignottooltv,9,E,big,nottool,tv
579,Ebigtoolguitar,9,E,big,tool,guitar
580,Ebigtoolleafblower,9,E,big,tool,leafblower
581,Ebigtoolumbrella,9,E,big,tool,umbrella
582,Eclosedmanmadebathroom,9,E,closed,manmade,bathroom
583,Eclosedmanmadeconferencehall,9,E,closed,manmade,conferencehall
584,Eclosedmanmadelivingroom,9,E,closed,manmade,livingroom
585,Eclosednaturalcave,9,E,closed,natural,cave
586,Eclosednaturalforestccanopy,9,E,closed,natural,forestccanopy
587,Eclosednaturalicecave,9,E,closed,natural,icecave
588,Eopenmanmadecity,9,E,open,manmade,city
589,Eopenmanmadefarmhouse,9,E,open,manmade,farmhouse
590,Eopenmanmadesuburbs,9,E,open,manmade,suburbs
591,Eopennaturalgarden,9,E,open,natural,garden
592,Eopennaturallake,9,E,open,natural,lake
593,Eopennaturalmountains,9,E,open,natural,mountains
594,Esmallnottoolbowl,9,E,small,nottool,bowl
595,Esmallnottoolcupcake,9,E,small,nottool,cupcake
596,Esmallnottoolflowers,9,E,small,nottool,flowers
597,Esmalltooldrill,9,E,small,tool,drill
598,Esmalltoolhairbrush,9,E,small,tool,hairbrush
599,Esmalltoolwateringcan,9,E,small,tool,wateringcan
600,Rbignottoolchair,9,R,big,nottool,chair
601,Rbignottoollamppost,9,R,big,nottool,lamppost
602,Rbignottooltv,9,R,big,nottool,tv
603,Rbigtoolguitar,9,R,big,tool,guitar
604,Rbigtoolleafblower,9,R,big,tool,leafblower
605,Rbigtoolumbrella,9,R,big,tool,umbrella
606,Rclosedmanmadebathroom,9,R,closed,manmade,bathroom
607,Rclosedmanmadeconferencehall,9,R,closed,manmade,conferencehall
608,Rclosedmanmadelivingroom,9,R,closed,manmade,livingroom
609,Rclosednaturalcave,9,R,closed,natural,cave
610,Rclosednaturalforestccanopy,9,R,closed,natural,forestccanopy
611,Rclosednaturalicecave,9,R,closed,natural,icecave
612,Ropenmanmadecity,9,R,open,manmade,city
613,Ropenmanmadefarmhouse,9,R,open,manmade,farmhouse
614,Ropenmanmadesuburbs,9,R,open,manmade,suburbs
615,Ropennaturalgarden,9,R,open,natural,garden
616,Ropennaturallake,9,R,open,natural,lake
617,Ropennaturalmountains,9,R,open,natural,mountains
618,Rsmallnottoolbowl,9,R,small,nottool,bowl
619,Rsmallnottoolcupcake,9,R,small,nottool,cupcake
620,Rsmallnottoolflowers,9,R,small,nottool,flowers
621,Rsmalltooldrill,9,R,small,tool,drill
622,Rsmalltoolhairbrush,9,R,small,tool,hairbrush
623,Rsmalltoolwateringcan,9,R,small,tool,wateringcan
624,Dbignottoolchair,9,D,big,nottool,chair
625,Dbignottoollamppost,9,D,big,nottool,lamppost
626,Dbignottooltv,9,D,big,nottool,tv
627,Dbigtoolguitar,9,D,big,tool,guitar
628,Dbigtoolleafblower,9,D,big,tool,leafblower
629,Dbigtoolumbrella,9,D,big,tool,umbrella
630,Dclosedmanmadebathroom,9,D,closed,manmade,bathroom
631,Dclosedmanmadeconferencehall,9,D,closed,manmade,conferencehall
632,Dclosedmanmadelivingroom,9,D,closed,manmade,livingroom
633,Dclosednaturalcave,9,D,closed,natural,cave
634,Dclosednaturalforestccanopy,9,D,closed,natural,forestccanopy
635,Dclosednaturalicecave,9,D,closed,natural,icecave
636,Dopenmanmadecity,9,D,open,manmade,city
637,Dopenmanmadefarmhouse,9,D,open,manmade,farmhouse
638,Dopenmanmadesuburbs,9,D,open,manmade,suburbs
639,Dopennaturalgarden,9,D,open,natural,garden
640,Dopennaturallake,9,D,open,natural,lake
641,Dopennaturalmountains,9,D,open,natural,mountains
642,Dsmallnottoolbowl,9,D,small,nottool,bowl
643,Dsmallnottoolcupcake,9,D,small,nottool,cupcake
644,Dsmallnottoolflowers,9,D,small,nottool,flowers
645,Dsmalltooldrill,9,D,small,tool,drill
646,Dsmalltoolhairbrush,9,D,small,tool,hairbrush
647,Dsmalltoolwateringcan,9,D,small,tool,wateringcan
648,Ebignottoolchair,10,E,big,nottool,chair
649,Ebignottoollamppost,10,E,big,nottool,lamppost
650,Ebignottooltv,10,E,big,nottool,tv
651,Ebigtoolguitar,10,E,big,tool,guitar
652,Ebigtoolleafblower,10,E,big,tool,leafblower
653,Ebigtoolumbrella,10,E,big,tool,umbrella
654,Eclosedmanmadebathroom,10,E,closed,manmade,bathroom
655,Eclosedmanmadeconferencehall,10,E,closed,manmade,conferencehall
656,Eclosedmanmadelivingroom,10,E,closed,manmade,livingroom
657,Eclosednaturalcave,10,E,closed,natural,cave
658,Eclosednaturalforestccanopy,10,E,closed,natural,forestccanopy
659,Eclosednaturalicecave,10,E,closed,natural,icecave
660,Eopenmanmadecity,10,E,open,manmade,city
661,Eopenmanmadefarmhouse,10,E,open,manmade,farmhouse
662,Eopenmanmadesuburbs,10,E,open,manmade,suburbs
663,Eopennaturalgarden,10,E,open,natural,garden
664,Eopennaturallake,10,E,open,natural,lake
665,Eopennaturalmountains,10,E,open,natural,mountains
666,Esmallnottoolbowl,10,E,small,nottool,bowl
667,Esmallnottoolcupcake,10,E,small,nottool,cupcake
668,Esmallnottoolflowers,10,E,small,nottool,flowers
669,Esmalltooldrill,10,E,small,tool,drill
670,Esmalltoolhairbrush,10,E,small,tool,hairbrush
671,Esmalltoolwateringcan,10,E,small,tool,wateringcan
672,Rbignottoolchair,10,R,big,nottool,chair
673,Rbignottoollamppost,10,R,big,nottool,lamppost
674,Rbignottooltv,10,R,big,nottool,tv
675,Rbigtoolguitar,10,R,big,tool,guitar
676,Rbigtoolleafblower,10,R,big,tool,leafblower
677,Rbigtoolumbrella,10,R,big,tool,umbrella
678,Rclosedmanmadebathroom,10,R,closed,manmade,bathroom
679,Rclosedmanmadeconferencehall,10,R,closed,manmade,conferencehall
680,Rclosedmanmadelivingroom,10,R,closed,manmade,livingroom
681,Rclosednaturalcave,10,R,closed,natural,cave
682,Rclosednaturalforestccanopy,10,R,closed,natural,forestccanopy
683,Rclosednaturalicecave,10,R,closed,natural,icecave
684,Ropenmanmadecity,10,R,open,manmade,city
685,Ropenmanmadefarmhouse,10,R,open,manmade,farmhouse
686,Ropenmanmadesuburbs,10,R,open,manmade,suburbs
687,Ropennaturalgarden,10,R,open,natural,garden
688,Ropennaturallake,10,R,open,natural,lake
689,Ropennaturalmountains,10,R,open,natural,mountains
690,Rsmallnottoolbowl,10,R,small,nottool,bowl
691,Rsmallnottoolcupcake,10,R,small,nottool,cupcake
692,Rsmallnottoolflowers,10,R,small,nottool,flowers
693,Rsmalltooldrill,10,R,small,tool,drill
694,Rsmalltoolhairbrush,10,R,small,tool,hairbrush
695,Rsmalltoolwateringcan,10,R,small,tool,wateringcan
696,Dbignottoolchair,10,D,big,nottool,chair
697,Dbignottoollamppost,10,D,big,nottool,lamppost
698,Dbignottooltv,10,D,big,nottool,tv
699,Dbigtoolguitar,10,D,big,tool,guitar
700,Dbigtoolleafblower,10,D,big,tool,leafblower
701,Dbigtoolumbrella,10,D,big,tool,umbrella
702,Dclosedmanmadebathroom,10,D,closed,manmade,bathroom
703,Dclosedmanmadeconferencehall,10,D,closed,manmade,conferencehall
704,Dclosedmanmadelivingroom,10,D,closed,manmade,livingroom
705,Dclosednaturalcave,10,D,closed,natural,cave
706,Dclosednaturalforestccanopy,10,D,closed,natural,forestccanopy
707,Dclosednaturalicecave,10,D,closed,natural,icecave
708,Dopenmanmadecity,10,D,open,manmade,city
709,Dopenmanmadefarmhouse,10,D,open,manmade,farmhouse
710,Dopenmanmadesuburbs,10,D,open,manmade,suburbs
711,Dopennaturalgarden,10,D,open,natural,garden
712,Dopennaturallake,10,D,open,natural,lake
713,Dopennaturalmountains,10,D,open,natural,mountains
714,Dsmallnottoolbowl,10,D,small,nottool,bowl
715,Dsmallnottoolcupcake,10,D,small,nottool,cupcake
716,Dsmallnottoolflowers,10,D,small,nottool,flowers
717,Dsmalltooldrill,10,D,small,tool,drill
718,Dsmalltoolhairbrush,10,D,small,tool,hairbrush
719,Dsmalltoolwateringcan,10,D,small,tool,wateringcan
720,Ebignottoolchair,11,E,big,nottool,chair
721,Ebignottoollamppost,11,E,big,nottool,lamppost
722,Ebignottooltv,11,E,big,nottool,tv
723,Ebigtoolguitar,11,E,big,tool,guitar
724,Ebigtoolleafblower,11,E,big,tool,leafblower
725,Ebigtoolumbrella,11,E,big,tool,umbrella
726,Eclosedmanmadebathroom,11,E,closed,manmade,bathroom
727,Eclosedmanmadeconferencehall,11,E,closed,manmade,conferencehall
728,Eclosedmanmadelivingroom,11,E,closed,manmade,livingroom
729,Eclosednaturalcave,11,E,closed,natural,cave
730,Eclosednaturalforestccanopy,11,E,closed,natural,forestccanopy
731,Eclosednaturalicecave,11,E,closed,natural,icecave
732,Eopenmanmadecity,11,E,open,manmade,city
733,Eopenmanmadefarmhouse,11,E,open,manmade,farmhouse
734,Eopenmanmadesuburbs,11,E,open,manmade,suburbs
735,Eopennaturalgarden,11,E,open,natural,garden
736,Eopennaturallake,11,E,open,natural,lake
737,Eopennaturalmountains,11,E,open,natural,mountains
738,Esmallnottoolbowl,11,E,small,nottool,bowl
739,Esmallnottoolcupcake,11,E,small,nottool,cupcake
740,Esmallnottoolflowers,11,E,small,nottool,flowers
741,Esmalltooldrill,11,E,small,tool,drill
742,Esmalltoolhairbrush,11,E,small,tool,hairbrush
743,Esmalltoolwateringcan,11,E,small,tool,wateringcan
744,Rbignottoolchair,11,R,big,nottool,chair
745,Rbignottoollamppost,11,R,big,nottool,lamppost
746,Rbignottooltv,11,R,big,nottool,tv
747,Rbigtoolguitar,11,R,big,tool,guitar
748,Rbigtoolleafblower,11,R,big,tool,leafblower
749,Rbigtoolumbrella,11,R,big,tool,umbrella
750,Rclosedmanmadebathroom,11,R,closed,manmade,bathroom
751,Rclosedmanmadeconferencehall,11,R,closed,manmade,conferencehall
752,Rclosedmanmadelivingroom,11,R,closed,manmade,livingroom
753,Rclosednaturalcave,11,R,closed,natural,cave
754,Rclosednaturalforestccanopy,11,R,closed,natural,forestccanopy
755,Rclosednaturalicecave,11,R,closed,natural,icecave
756,Ropenmanmadecity,11,R,open,manmade,city
757,Ropenmanmadefarmhouse,11,R,open,manmade,farmhouse
758,Ropenmanmadesuburbs,11,R,open,manmade,suburbs
759,Ropennaturalgarden,11,R,open,natural,garden
760,Ropennaturallake,11,R,open,natural,lake
761,Ropennaturalmountains,11,R,open,natural,mountains
762,Rsmallnottoolbowl,11,R,small,nottool,bowl
763,Rsmallnottoolcupcake,11,R,small,nottool,cupcake
764,Rsmallnottoolflowers,11,R,small,nottool,flowers
765,Rsmalltooldrill,11,R,small,tool,drill
766,Rsmalltoolhairbrush,11,R,small,tool,hairbrush
767,Rsmalltoolwateringcan,11,R,small,tool,wateringcan
768,Dbignottoolchair,11,D,big,nottool,chair
769,Dbignottoollamppost,11,D,big,nottool,lamppost
770,Dbignottooltv,11,D,big,nottool,tv
771,Dbigtoolguitar,11,D,big,tool,guitar
772,Dbigtoolleafblower,11,D,big,tool,leafblower
773,Dbigtoolumbrella,11,D,big,tool,umbrella
774,Dclosedmanmadebathroom,11,D,closed,manmade,bathroom
775,Dclosedmanmadeconferencehall,11,D,closed,manmade,conferencehall
776,Dclosedmanmadelivingroom,11,D,closed,manmade,livingroom
777,Dclosednaturalcave,11,D,closed,natural,cave
778,Dclosednaturalforestccanopy,11,D,closed,natural,forestccanopy
779,Dclosednaturalicecave,11,D,closed,natural,icecave
780,Dopenmanmadecity,11,D,open,manmade,city
781,Dopenmanmadefarmhouse,11,D,open,manmade,farmhouse
782,Dopenmanmadesuburbs,11,D,open,manmade,suburbs
783,Dopennaturalgarden,11,D,open,natural,garden
784,Dopennaturallake,11,D,open,natural,lake
785,Dopennaturalmountains,11,D,open,natural,mountains
786,Dsmallnottoolbowl,11,D,small,nottool,bowl
787,Dsmallnottoolcupcake,11,D,small,nottool,cupcake
788,Dsmallnottoolflowers,11,D,small,nottool,flowers
789,Dsmalltooldrill,11,D,small,tool,drill
790,Dsmalltoolhairbrush,11,D,small,tool,hairbrush
791,Dsmalltoolwateringcan,11,D,small,tool,wateringcan
792,Ebignottoolchair,12,E,big,nottool,chair
793,Ebignottoollamppost,12,E,big,nottool,lamppost
794,Ebignottooltv,12,E,big,nottool,tv
795,Ebigtoolguitar,12,E,big,tool,guitar
796,Ebigtoolleafblower,12,E,big,tool,leafblower
797,Ebigtoolumbrella,12,E,big,tool,umbrella
798,Eclosedmanmadebathroom,12,E,closed,manmade,bathroom
799,Eclosedmanmadeconferencehall,12,E,closed,manmade,conferencehall
800,Eclosedmanmadelivingroom,12,E,closed,manmade,livingroom
801,Eclosednaturalcave,12,E,closed,natural,cave
802,Eclosednaturalforestccanopy,12,E,closed,natural,forestccanopy
803,Eclosednaturalicecave,12,E,closed,natural,icecave
804,Eopenmanmadecity,12,E,open,manmade,city
805,Eopenmanmadefarmhouse,12,E,open,manmade,farmhouse
806,Eopenmanmadesuburbs,12,E,open,manmade,suburbs
807,Eopennaturalgarden,12,E,open,natural,garden
808,Eopennaturallake,12,E,open,natural,lake
809,Eopennaturalmountains,12,E,open,natural,mountains
810,Esmallnottoolbowl,12,E,small,nottool,bowl
811,Esmallnottoolcupcake,12,E,small,nottool,cupcake
812,Esmallnottoolflowers,12,E,small,nottool,flowers
813,Esmalltooldrill,12,E,small,tool,drill
814,Esmalltoolhairbrush,12,E,small,tool,hairbrush
815,Esmalltoolwateringcan,12,E,small,tool,wateringcan
816,Rbignottoolchair,12,R,big,nottool,chair
817,Rbignottoollamppost,12,R,big,nottool,lamppost
818,Rbignottooltv,12,R,big,nottool,tv
819,Rbigtoolguitar,12,R,big,tool,guitar
820,Rbigtoolleafblower,12,R,big,tool,leafblower
821,Rbigtoolumbrella,12,R,big,tool,umbrella
822,Rclosedmanmadebathroom,12,R,closed,manmade,bathroom
823,Rclosedmanmadeconferencehall,12,R,closed,manmade,conferencehall
824,Rclosedmanmadelivingroom,12,R,closed,manmade,livingroom
825,Rclosednaturalcave,12,R,closed,natural,cave
826,Rclosednaturalforestccanopy,12,R,closed,natural,forestccanopy
827,Rclosednaturalicecave,12,R,closed,natural,icecave
828,Ropenmanmadecity,12,R,open,manmade,city
829,Ropenmanmadefarmhouse,12,R,open,manmade,farmhouse
830,Ropenmanmadesuburbs,12,R,open,manmade,suburbs
831,Ropennaturalgarden,12,R,open,natural,garden
832,Ropennaturallake,12,R,open,natural,lake
833,Ropennaturalmountains,12,R,open,natural,mountains
834,Rsmallnottoolbowl,12,R,small,nottool,bowl
835,Rsmallnottoolcupcake,12,R,small,nottool,cupcake
836,Rsmallnottoolflowers,12,R,small,nottool,flowers
837,Rsmalltooldrill,12,R,small,tool,drill
838,Rsmalltoolhairbrush,12,R,small,tool,hairbrush
839,Rsmalltoolwateringcan,12,R,small,tool,wateringcan
840,Dbignottoolchair,12,D,big,nottool,chair
841,Dbignottoollamppost,12,D,big,nottool,lamppost
842,Dbignottooltv,12,D,big,nottool,tv
843,Dbigtoolguitar,12,D,big,tool,guitar
844,Dbigtoolleafblower,12,D,big,tool,leafblower
845,Dbigtoolumbrella,12,D,big,tool,umbrella
846,Dclosedmanmadebathroom,12,D,closed,manmade,bathroom
847,Dclosedmanmadeconferencehall,12,D,closed,manmade,conferencehall
848,Dclosedmanmadelivingroom,12,D,closed,manmade,livingroom
849,Dclosednaturalcave,12,D,closed,natural,cave
850,Dclosednaturalforestccanopy,12,D,closed,natural,forestccanopy
851,Dclosednaturalicecave,12,D,closed,natural,icecave
852,Dopenmanmadecity,12,D,open,manmade,city
853,Dopenmanmadefarmhouse,12,D,open,manmade,farmhouse
854,Dopenmanmadesuburbs,12,D,open,manmade,suburbs
855,Dopennaturalgarden,12,D,open,natural,garden
856,Dopennaturallake,12,D,open,natural,lake
857,Dopennaturalmountains,12,D,open,natural,mountains
858,Dsmallnottoolbowl,12,D,small,nottool,bowl
859,Dsmallnottoolcupcake,12,D,small,nottool,cupcake
860,Dsmallnottoolflowers,12,D,small,nottool,flowers
861,Dsmalltooldrill,12,D,small,tool,drill
862,Dsmalltoolhairbrush,12,D,small,tool,hairbrush
863,Dsmalltoolwateringcan,12,D,small,tool,wateringcan
864,Ebignottoolchair,13,E,big,nottool,chair
865,Ebignottoollamppost,13,E,big,nottool,lamppost
866,Ebignottooltv,13,E,big,nottool,tv
867,Ebigtoolguitar,13,E,big,tool,guitar
868,Ebigtoolleafblower,13,E,big,tool,leafblower
869,Ebigtoolumbrella,13,E,big,tool,umbrella
870,Eclosedmanmadebathroom,13,E,closed,manmade,bathroom
871,Eclosedmanmadeconferencehall,13,E,closed,manmade,conferencehall
872,Eclosedmanmadelivingroom,13,E,closed,manmade,livingroom
873,Eclosednaturalcave,13,E,closed,natural,cave
874,Eclosednaturalforestccanopy,13,E,closed,natural,forestccanopy
875,Eclosednaturalicecave,13,E,closed,natural,icecave
876,Eopenmanmadecity,13,E,open,manmade,city
877,Eopenmanmadefarmhouse,13,E,open,manmade,farmhouse
878,Eopenmanmadesuburbs,13,E,open,manmade,suburbs
879,Eopennaturalgarden,13,E,open,natural,garden
880,Eopennaturallake,13,E,open,natural,lake
881,Eopennaturalmountains,13,E,open,natural,mountains
882,Esmallnottoolbowl,13,E,small,nottool,bowl
883,Esmallnottoolcupcake,13,E,small,nottool,cupcake
884,Esmallnottoolflowers,13,E,small,nottool,flowers
885,Esmalltooldrill,13,E,small,tool,drill
886,Esmalltoolhairbrush,13,E,small,tool,hairbrush
887,Esmalltoolwateringcan,13,E,small,tool,wateringcan
888,Rbignottoolchair,13,R,big,nottool,chair
889,Rbignottoollamppost,13,R,big,nottool,lamppost
890,Rbignottooltv,13,R,big,nottool,tv
891,Rbigtoolguitar,13,R,big,tool,guitar
892,Rbigtoolleafblower,13,R,big,tool,leafblower
893,Rbigtoolumbrella,13,R,big,tool,umbrella
894,Rclosedmanmadebathroom,13,R,closed,manmade,bathroom
895,Rclosedmanmadeconferencehall,13,R,closed,manmade,conferencehall
896,Rclosedmanmadelivingroom,13,R,closed,manmade,livingroom
897,Rclosednaturalcave,13,R,closed,natural,cave
898,Rclosednaturalforestccanopy,13,R,closed,natural,forestccanopy
899,Rclosednaturalicecave,13,R,closed,natural,icecave
900,Ropenmanmadecity,13,R,open,manmade,city
901,Ropenmanmadefarmhouse,13,R,open,manmade,farmhouse
902,Ropenmanmadesuburbs,13,R,open,manmade,suburbs
903,Ropennaturalgarden,13,R,open,natural,garden
904,Ropennaturallake,13,R,open,natural,lake
905,Ropennaturalmountains,13,R,open,natural,mountains
906,Rsmallnottoolbowl,13,R,small,nottool,bowl
907,Rsmallnottoolcupcake,13,R,small,nottool,cupcake
908,Rsmallnottoolflowers,13,R,small,nottool,flowers
909,Rsmalltooldrill,13,R,small,tool,drill
910,Rsmalltoolhairbrush,13,R,small,tool,hairbrush
911,Rsmalltoolwateringcan,13,R,small,tool,wateringcan
912,Dbignottoolchair,13,D,big,nottool,chair
913,Dbignottoollamppost,13,D,big,nottool,lamppost
914,Dbignottooltv,13,D,big,nottool,tv
915,Dbigtoolguitar,13,D,big,tool,guitar
916,Dbigtoolleafblower,13,D,big,tool,leafblower
917,Dbigtoolumbrella,13,D,big,tool,umbrella
918,Dclosedmanmadebathroom,13,D,closed,manmade,bathroom
919,Dclosedmanmadeconferencehall,13,D,closed,manmade,conferencehall
920,Dclosedmanmadelivingroom,13,D,closed,manmade,livingroom
921,Dclosednaturalcave,13,D,closed,natural,cave
922,Dclosednaturalforestccanopy,13,D,closed,natural,forestccanopy
923,Dclosednaturalicecave,13,D,closed,natural,icecave
924,Dopenmanmadecity,13,D,open,manmade,city
925,Dopenmanmadefarmhouse,13,D,open,manmade,farmhouse
926,Dopenmanmadesuburbs,13,D,open,manmade,suburbs
927,Dopennaturalgarden,13,D,open,natural,garden
928,Dopennaturallake,13,D,open,natural,lake
929,Dopennaturalmountains,13,D,open,natural,mountains
930,Dsmallnottoolbowl,13,D,small,nottool,bowl
931,Dsmallnottoolcupcake,13,D,small,nottool,cupcake
932,Dsmallnottoolflowers,13,D,small,nottool,flowers
933,Dsmalltooldrill,13,D,small,tool,drill
934,Dsmalltoolhairbrush,13,D,small,tool,hairbrush
935,Dsmalltoolwateringcan,13,D,small,tool,wateringcan
936,Ebignottoolchair,14,E,big,nottool,chair
937,Ebignottoollamppost,14,E,big,nottool,lamppost
938,Ebignottooltv,14,E,big,nottool,tv
939,Ebigtoolguitar,14,E,big,tool,guitar
940,Ebigtoolleafblower,14,E,big,tool,leafblower
941,Ebigtoolumbrella,14,E,big,tool,umbrella
942,Eclosedmanmadebathroom,14,E,closed,manmade,bathroom
943,Eclosedmanmadeconferencehall,14,E,closed,manmade,conferencehall
944,Eclosedmanmadelivingroom,14,E,closed,manmade,livingroom
945,Eclosednaturalcave,14,E,closed,natural,cave
946,Eclosednaturalforestccanopy,14,E,closed,natural,forestccanopy
947,Eclosednaturalicecave,14,E,closed,natural,icecave
948,Eopenmanmadecity,14,E,open,manmade,city
949,Eopenmanmadefarmhouse,14,E,open,manmade,farmhouse
950,Eopenmanmadesuburbs,14,E,open,manmade,suburbs
951,Eopennaturalgarden,14,E,open,natural,garden
952,Eopennaturallake,14,E,open,natural,lake
953,Eopennaturalmountains,14,E,open,natural,mountains
954,Esmallnottoolbowl,14,E,small,nottool,bowl
955,Esmallnottoolcupcake,14,E,small,nottool,cupcake
956,Esmallnottoolflowers,14,E,small,nottool,flowers
957,Esmalltooldrill,14,E,small,tool,drill
958,Esmalltoolhairbrush,14,E,small,tool,hairbrush
959,Esmalltoolwateringcan,14,E,small,tool,wateringcan
960,Rbignottoolchair,14,R,big,nottool,chair
961,Rbignottoollamppost,14,R,big,nottool,lamppost
962,Rbignottooltv,14,R,big,nottool,tv
963,Rbigtoolguitar,14,R,big,tool,guitar
964,Rbigtoolleafblower,14,R,big,tool,leafblower
965,Rbigtoolumbrella,14,R,big,tool,umbrella
966,Rclosedmanmadebathroom,14,R,closed,manmade,bathroom
967,Rclosedmanmadeconferencehall,14,R,closed,manmade,conferencehall
968,Rclosedmanmadelivingroom,14,R,closed,manmade,livingroom
969,Rclosednaturalcave,14,R,closed,natural,cave
970,Rclosednaturalforestccanopy,14,R,closed,natural,forestccanopy
971,Rclosednaturalicecave,14,R,closed,natural,icecave
972,Ropenmanmadecity,14,R,open,manmade,city
973,Ropenmanmadefarmhouse,14,R,open,manmade,farmhouse
974,Ropenmanmadesuburbs,14,R,open,manmade,suburbs
975,Ropennaturalgarden,14,R,open,natural,garden
976,Ropennaturallake,14,R,open,natural,lake
977,Ropennaturalmountains,14,R,open,natural,mountains
978,Rsmallnottoolbowl,14,R,small,nottool,bowl
979,Rsmallnottoolcupcake,14,R,small,nottool,cupcake
980,Rsmallnottoolflowers,14,R,small,nottool,flowers
981,Rsmalltooldrill,14,R,small,tool,drill
982,Rsmalltoolhairbrush,14,R,small,tool,hairbrush
983,Rsmalltoolwateringcan,14,R,small,tool,wateringcan
984,Dbignottoolchair,14,D,big,nottool,chair
985,Dbignottoollamppost,14,D,big,nottool,lamppost
986,Dbignottooltv,14,D,big,nottool,tv
987,Dbigtoolguitar,14,D,big,tool,guitar
988,Dbigtoolleafblower,14,D,big,tool,leafblower
989,Dbigtoolumbrella,14,D,big,tool,umbrella
990,Dclosedmanmadebathroom,14,D,closed,manmade,bathroom
991,Dclosedmanmadeconferencehall,14,D,closed,manmade,conferencehall
992,Dclosedmanmadelivingroom,14,D,closed,manmade,livingroom
993,Dclosednaturalcave,14,D,closed,natural,cave
994,Dclosednaturalforestccanopy,14,D,closed,natural,forestccanopy
995,Dclosednaturalicecave,14,D,closed,natural,icecave
996,Dopenmanmadecity,14,D,open,manmade,city
997,Dopenmanmadefarmhouse,14,D,open,manmade,farmhouse
998,Dopenmanmadesuburbs,14,D,open,manmade,suburbs
999,Dopennaturalgarden,14,D,open,natural,garden
1000,Dopennaturallake,14,D,open,natural,lake
1001,Dopennaturalmountains,14,D,open,natural,mountains
1002,Dsmallnottoolbowl,14,D,small,nottool,bowl
1003,Dsmallnottoolcupcake,14,D,small,nottool,cupcake
1004,Dsmallnottoolflowers,14,D,small,nottool,flowers
1005,Dsmalltooldrill,14,D,small,tool,drill
1006,Dsmalltoolhairbrush,14,D,small,tool,hairbrush
1007,Dsmalltoolwateringcan,14,D,small,tool,wateringcan
1008,Ebignottoolchair,15,E,big,nottool,chair
1009,Ebignottoollamppost,15,E,big,nottool,lamppost
1010,Ebignottooltv,15,E,big,nottool,tv
1011,Ebigtoolguitar,15,E,big,tool,guitar
1012,Ebigtoolleafblower,15,E,big,tool,leafblower
1013,Ebigtoolumbrella,15,E,big,tool,umbrella
1014,Eclosedmanmadebathroom,15,E,closed,manmade,bathroom
1015,Eclosedmanmadeconferencehall,15,E,closed,manmade,conferencehall
1016,Eclosedmanmadelivingroom,15,E,closed,manmade,livingroom
1017,Eclosednaturalcave,15,E,closed,natural,cave
1018,Eclosednaturalforestccanopy,15,E,closed,natural,forestccanopy
1019,Eclosednaturalicecave,15,E,closed,natural,icecave
1020,Eopenmanmadecity,15,E,open,manmade,city
1021,Eopenmanmadefarmhouse,15,E,open,manmade,farmhouse
1022,Eopenmanmadesuburbs,15,E,open,manmade,suburbs
1023,Eopennaturalgarden,15,E,open,natural,garden
1024,Eopennaturallake,15,E,open,natural,lake
1025,Eopennaturalmountains,15,E,open,natural,mountains
1026,Esmallnottoolbowl,15,E,small,nottool,bowl
1027,Esmallnottoolcupcake,15,E,small,nottool,cupcake
1028,Esmallnottoolflowers,15,E,small,nottool,flowers
1029,Esmalltooldrill,15,E,small,tool,drill
1030,Esmalltoolhairbrush,15,E,small,tool,hairbrush
1031,Esmalltoolwateringcan,15,E,small,tool,wateringcan
1032,Rbignottoolchair,15,R,big,nottool,chair
1033,Rbignottoollamppost,15,R,big,nottool,lamppost
1034,Rbignottooltv,15,R,big,nottool,tv
1035,Rbigtoolguitar,15,R,big,tool,guitar
1036,Rbigtoolleafblower,15,R,big,tool,leafblower
1037,Rbigtoolumbrella,15,R,big,tool,umbrella
1038,Rclosedmanmadebathroom,15,R,closed,manmade,bathroom
1039,Rclosedmanmadeconferencehall,15,R,closed,manmade,conferencehall
1040,Rclosedmanmadelivingroom,15,R,closed,manmade,livingroom
1041,Rclosednaturalcave,15,R,closed,natural,cave
1042,Rclosednaturalforestccanopy,15,R,closed,natural,forestccanopy
1043,Rclosednaturalicecave,15,R,closed,natural,icecave
1044,Ropenmanmadecity,15,R,open,manmade,city
1045,Ropenmanmadefarmhouse,15,R,open,manmade,farmhouse
1046,Ropenmanmadesuburbs,15,R,open,manmade,suburbs
1047,Ropennaturalgarden,15,R,open,natural,garden
1048,Ropennaturallake,15,R,open,natural,lake
1049,Ropennaturalmountains,15,R,open,natural,mountains
1050,Rsmallnottoolbowl,15,R,small,nottool,bowl
1051,Rsmallnottoolcupcake,15,R,small,nottool,cupcake
1052,Rsmallnottoolflowers,15,R,small,nottool,flowers
1053,Rsmalltooldrill,15,R,small,tool,drill
1054,Rsmalltoolhairbrush,15,R,small,tool,hairbrush
1055,Rsmalltoolwateringcan,15,R,small,tool,wateringcan
1056,Dbignottoolchair,15,D,big,nottool,chair
1057,Dbignottoollamppost,15,D,big,nottool,lamppost
1058,Dbignottooltv,15,D,big,nottool,tv
1059,Dbigtoolguitar,15,D,big,tool,guitar
1060,Dbigtoolleafblower,15,D,big,tool,leafblower
1061,Dbigtoolumbrella,15,D,big,tool,umbrella
1062,Dclosedmanmadebathroom,15,D,closed,manmade,bathroom
1063,Dclosedmanmadeconferencehall,15,D,closed,manmade,conferencehall
1064,Dclosedmanmadelivingroom,15,D,closed,manmade,livingroom
1065,Dclosednaturalcave,15,D,closed,natural,cave
1066,Dclosednaturalforestccanopy,15,D,closed,natural,forestccanopy
1067,Dclosednaturalicecave,15,D,closed,natural,icecave
1068,Dopenmanmadecity,15,D,open,manmade,city
1069,Dopenmanmadefarmhouse,15,D,open,manmade,farmhouse
1070,Dopenmanmadesuburbs,15,D,open,manmade,suburbs
1071,Dopennaturalgarden,15,D,open,natural,garden
1072,Dopennaturallake,15,D,open,natural,lake
1073,Dopennaturalmountains,15,D,open,natural,mountains
1074,Dsmallnottoolbowl,15,D,small,nottool,bowl
1075,Dsmallnottoolcupcake,15,D,small,nottool,cupcake
1076,Dsmallnottoolflowers,15,D,small,nottool,flowers
1077,Dsmalltooldrill,15,D,small,tool,drill
1078,Dsmalltoolhairbrush,15,D,small,tool,hairbrush
1079,Dsmalltoolwateringcan,15,D,small,tool,wateringcan
1080,Ebignottoolchair,16,E,big,nottool,chair
1081,Ebignottoollamppost,16,E,big,nottool,lamppost
1082,Ebignottooltv,16,E,big,nottool,tv
1083,Ebigtoolguitar,16,E,big,tool,guitar
1084,Ebigtoolleafblower,16,E,big,tool,leafblower
1085,Ebigtoolumbrella,16,E,big,tool,umbrella
1086,Eclosedmanmadebathroom,16,E,closed,manmade,bathroom
1087,Eclosedmanmadeconferencehall,16,E,closed,manmade,conferencehall
1088,Eclosedmanmadelivingroom,16,E,closed,manmade,livingroom
1089,Eclosednaturalcave,16,E,closed,natural,cave
1090,Eclosednaturalforestccanopy,16,E,closed,natural,forestccanopy
1091,Eclosednaturalicecave,16,E,closed,natural,icecave
1092,Eopenmanmadecity,16,E,open,manmade,city
1093,Eopenmanmadefarmhouse,16,E,open,manmade,farmhouse
1094,Eopenmanmadesuburbs,16,E,open,manmade,suburbs
1095,Eopennaturalgarden,16,E,open,natural,garden
1096,Eopennaturallake,16,E,open,natural,lake
1097,Eopennaturalmountains,16,E,open,natural,mountains
1098,Esmallnottoolbowl,16,E,small,nottool,bowl
1099,Esmallnottoolcupcake,16,E,small,nottool,cupcake
1100,Esmallnottoolflowers,16,E,small,nottool,flowers
1101,Esmalltooldrill,16,E,small,tool,drill
1102,Esmalltoolhairbrush,16,E,small,tool,hairbrush
1103,Esmalltoolwateringcan,16,E,small,tool,wateringcan
1104,Rbignottoolchair,16,R,big,nottool,chair
1105,Rbignottoollamppost,16,R,big,nottool,lamppost
1106,Rbignottooltv,16,R,big,nottool,tv
1107,Rbigtoolguitar,16,R,big,tool,guitar
1108,Rbigtoolleafblower,16,R,big,tool,leafblower
1109,Rbigtoolumbrella,16,R,big,tool,umbrella
1110,Rclosedmanmadebathroom,16,R,closed,manmade,bathroom
1111,Rclosedmanmadeconferencehall,16,R,closed,manmade,conferencehall
1112,Rclosedmanmadelivingroom,16,R,closed,manmade,livingroom
1113,Rclosednaturalcave,16,R,closed,natural,cave
1114,Rclosednaturalforestccanopy,16,R,closed,natural,forestccanopy
1115,Rclosednaturalicecave,16,R,closed,natural,icecave
1116,Ropenmanmadecity,16,R,open,manmade,city
1117,Ropenmanmadefarmhouse,16,R,open,manmade,farmhouse
1118,Ropenmanmadesuburbs,16,R,open,manmade,suburbs
1119,Ropennaturalgarden,16,R,open,natural,garden
1120,Ropennaturallake,16,R,open,natural,lake
1121,Ropennaturalmountains,16,R,open,natural,mountains
1122,Rsmallnottoolbowl,16,R,small,nottool,bowl
1123,Rsmallnottoolcupcake,16,R,small,nottool,cupcake
1124,Rsmallnottoolflowers,16,R,small,nottool,flowers
1125,Rsmalltooldrill,16,R,small,tool,drill
1126,Rsmalltoolhairbrush,16,R,small,tool,hairbrush
1127,Rsmalltoolwateringcan,16,R,small,tool,wateringcan
1128,Dbignottoolchair,16,D,big,nottool,chair
1129,Dbignottoollamppost,16,D,big,nottool,lamppost
1130,Dbignottooltv,16,D,big,nottool,tv
1131,Dbigtoolguitar,16,D,big,tool,guitar
1132,Dbigtoolleafblower,16,D,big,tool,leafblower
1133,Dbigtoolumbrella,16,D,big,tool,umbrella
1134,Dclosedmanmadebathroom,16,D,closed,manmade,bathroom
1135,Dclosedmanmadeconferencehall,16,D,closed,manmade,conferencehall
1136,Dclosedmanmadelivingroom,16,D,closed,manmade,livingroom
1137,Dclosednaturalcave,16,D,closed,natural,cave
1138,Dclosednaturalforestccanopy,16,D,closed,natural,forestccanopy
1139,Dclosednaturalicecave,16,D,closed,natural,icecave
1140,Dopenmanmadecity,16,D,open,manmade,city
1141,Dopenmanmadefarmhouse,16,D,open,manmade,farmhouse
1142,Dopenmanmadesuburbs,16,D,open,manmade,suburbs
1143,Dopennaturalgarden,16,D,open,natural,garden
1144,Dopennaturallake,16,D,open,natural,lake
1145,Dopennaturalmountains,16,D,open,natural,mountains
1146,Dsmallnottoolbowl,16,D,small,nottool,bowl
1147,Dsmallnottoolcupcake,16,D,small,nottool,cupcake
1148,Dsmallnottoolflowers,16,D,small,nottool,flowers
1149,Dsmalltooldrill,16,D,small,tool,drill
1150,Dsmalltoolhairbrush,16,D,small,tool,hairbrush
1151,Dsmalltoolwateringcan,16,D,small,tool,wateringcan
1152,Ebignottoolchair,17,E,big,nottool,chair
1153,Ebignottoollamppost,17,E,big,nottool,lamppost
1154,Ebignottooltv,17,E,big,nottool,tv
1155,Ebigtoolguitar,17,E,big,tool,guitar
1156,Ebigtoolleafblower,17,E,big,tool,leafblower
1157,Ebigtoolumbrella,17,E,big,tool,umbrella
1158,Eclosedmanmadebathroom,17,E,closed,manmade,bathroom
1159,Eclosedmanmadeconferencehall,17,E,closed,manmade,conferencehall
1160,Eclosedmanmadelivingroom,17,E,closed,manmade,livingroom
1161,Eclosednaturalcave,17,E,closed,natural,cave
1162,Eclosednaturalforestccanopy,17,E,closed,natural,forestccanopy
1163,Eclosednaturalicecave,17,E,closed,natural,icecave
1164,Eopenmanmadecity,17,E,open,manmade,city
1165,Eopenmanmadefarmhouse,17,E,open,manmade,farmhouse
1166,Eopenmanmadesuburbs,17,E,open,manmade,suburbs
1167,Eopennaturalgarden,17,E,open,natural,garden
1168,Eopennaturallake,17,E,open,natural,lake
1169,Eopennaturalmountains,17,E,open,natural,mountains
1170,Esmallnottoolbowl,17,E,small,nottool,bowl
1171,Esmallnottoolcupcake,17,E,small,nottool,cupcake
1172,Esmallnottoolflowers,17,E,small,nottool,flowers
1173,Esmalltooldrill,17,E,small,tool,drill
1174,Esmalltoolhairbrush,17,E,small,tool,hairbrush
1175,Esmalltoolwateringcan,17,E,small,tool,wateringcan
1176,Rbignottoolchair,17,R,big,nottool,chair
1177,Rbignottoollamppost,17,R,big,nottool,lamppost
1178,Rbignottooltv,17,R,big,nottool,tv
1179,Rbigtoolguitar,17,R,big,tool,guitar
1180,Rbigtoolleafblower,17,R,big,tool,leafblower
1181,Rbigtoolumbrella,17,R,big,tool,umbrella
1182,Rclosedmanmadebathroom,17,R,closed,manmade,bathroom
1183,Rclosedmanmadeconferencehall,17,R,closed,manmade,conferencehall
1184,Rclosedmanmadelivingroom,17,R,closed,manmade,livingroom
1185,Rclosednaturalcave,17,R,closed,natural,cave
1186,Rclosednaturalforestccanopy,17,R,closed,natural,forestccanopy
1187,Rclosednaturalicecave,17,R,closed,natural,icecave
1188,Ropenmanmadecity,17,R,open,manmade,city
1189,Ropenmanmadefarmhouse,17,R,open,manmade,farmhouse
1190,Ropenmanmadesuburbs,17,R,open,manmade,suburbs
1191,Ropennaturalgarden,17,R,open,natural,garden
1192,Ropennaturallake,17,R,open,natural,lake
1193,Ropennaturalmountains,17,R,open,natural,mountains
1194,Rsmallnottoolbowl,17,R,small,nottool,bowl
1195,Rsmallnottoolcupcake,17,R,small,nottool,cupcake
1196,Rsmallnottoolflowers,17,R,small,nottool,flowers
1197,Rsmalltooldrill,17,R,small,tool,drill
1198,Rsmalltoolhairbrush,17,R,small,tool,hairbrush
1199,Rsmalltoolwateringcan,17,R,small,tool,wateringcan
1200,Dbignottoolchair,17,D,big,nottool,chair
1201,Dbignottoollamppost,17,D,big,nottool,lamppost
1202,Dbignottooltv,17,D,big,nottool,tv
1203,Dbigtoolguitar,17,D,big,tool,guitar
1204,Dbigtoolleafblower,17,D,big,tool,leafblower
1205,Dbigtoolumbrella,17,D,big,tool,umbrella
1206,Dclosedmanmadebathroom,17,D,closed,manmade,bathroom
1207,Dclosedmanmadeconferencehall,17,D,closed,manmade,conferencehall
1208,Dclosedmanmadelivingroom,17,D,closed,manmade,livingroom
1209,Dclosednaturalcave,17,D,closed,natural,cave
1210,Dclosednaturalforestccanopy,17,D,closed,natural,forestccanopy
1211,Dclosednaturalicecave,17,D,closed,natural,icecave
1212,Dopenmanmadecity,17,D,open,manmade,city
1213,Dopenmanmadefarmhouse,17,D,open,manmade,farmhouse
1214,Dopenmanmadesuburbs,17,D,open,manmade,suburbs
1215,Dopennaturalgarden,17,D,open,natural,garden
1216,Dopennaturallake,17,D,open,natural,lake
1217,Dopennaturalmountains,17,D,open,natural,mountains
1218,Dsmallnottoolbowl,17,D,small,nottool,bowl
1219,Dsmallnottoolcupcake,17,D,small,nottool,cupcake
1220,Dsmallnottoolflowers,17,D,small,nottool,flowers
1221,Dsmalltooldrill,17,D,small,tool,drill
1222,Dsmalltoolhairbrush,17,D,small,tool,hairbrush
1223,Dsmalltoolwateringcan,17,D,small,tool,wateringcan
1224,Ebignottoolchair,18,E,big,nottool,chair
1225,Ebignottoollamppost,18,E,big,nottool,lamppost
1226,Ebignottooltv,18,E,big,nottool,tv
1227,Ebigtoolguitar,18,E,big,tool,guitar
1228,Ebigtoolleafblower,18,E,big,tool,leafblower
1229,Ebigtoolumbrella,18,E,big,tool,umbrella
1230,Eclosedmanmadebathroom,18,E,closed,manmade,bathroom
1231,Eclosedmanmadeconferencehall,18,E,closed,manmade,conferencehall
1232,Eclosedmanmadelivingroom,18,E,closed,manmade,livingroom
1233,Eclosednaturalcave,18,E,closed,natural,cave
1234,Eclosednaturalforestccanopy,18,E,closed,natural,forestccanopy
1235,Eclosednaturalicecave,18,E,closed,natural,icecave
1236,Eopenmanmadecity,18,E,open,manmade,city
1237,Eopenmanmadefarmhouse,18,E,open,manmade,farmhouse
1238,Eopenmanmadesuburbs,18,E,open,manmade,suburbs
1239,Eopennaturalgarden,18,E,open,natural,garden
1240,Eopennaturallake,18,E,open,natural,lake
1241,Eopennaturalmountains,18,E,open,natural,mountains
1242,Esmallnottoolbowl,18,E,small,nottool,bowl
1243,Esmallnottoolcupcake,18,E,small,nottool,cupcake
1244,Esmallnottoolflowers,18,E,small,nottool,flowers
1245,Esmalltooldrill,18,E,small,tool,drill
1246,Esmalltoolhairbrush,18,E,small,tool,hairbrush
1247,Esmalltoolwateringcan,18,E,small,tool,wateringcan
1248,Rbignottoolchair,18,R,big,nottool,chair
1249,Rbignottoollamppost,18,R,big,nottool,lamppost
1250,Rbignottooltv,18,R,big,nottool,tv
1251,Rbigtoolguitar,18,R,big,tool,guitar
1252,Rbigtoolleafblower,18,R,big,tool,leafblower
1253,Rbigtoolumbrella,18,R,big,tool,umbrella
1254,Rclosedmanmadebathroom,18,R,closed,manmade,bathroom
1255,Rclosedmanmadeconferencehall,18,R,closed,manmade,conferencehall
1256,Rclosedmanmadelivingroom,18,R,closed,manmade,livingroom
1257,Rclosednaturalcave,18,R,closed,natural,cave
1258,Rclosednaturalforestccanopy,18,R,closed,natural,forestccanopy
1259,Rclosednaturalicecave,18,R,closed,natural,icecave
1260,Ropenmanmadecity,18,R,open,manmade,city
1261,Ropenmanmadefarmhouse,18,R,open,manmade,farmhouse
1262,Ropenmanmadesuburbs,18,R,open,manmade,suburbs
1263,Ropennaturalgarden,18,R,open,natural,garden
1264,Ropennaturallake,18,R,open,natural,lake
1265,Ropennaturalmountains,18,R,open,natural,mountains
1266,Rsmallnottoolbowl,18,R,small,nottool,bowl
1267,Rsmallnottoolcupcake,18,R,small,nottool,cupcake
1268,Rsmallnottoolflowers,18,R,small,nottool,flowers
1269,Rsmalltooldrill,18,R,small,tool,drill
1270,Rsmalltoolhairbrush,18,R,small,tool,hairbrush
1271,Rsmalltoolwateringcan,18,R,small,tool,wateringcan
1272,Dbignottoolchair,18,D,big,nottool,chair
1273,Dbignottoollamppost,18,D,big,nottool,lamppost
1274,Dbignottooltv,18,D,big,nottool,tv
1275,Dbigtoolguitar,18,D,big,tool,guitar
1276,Dbigtoolleafblower,18,D,big,tool,leafblower
1277,Dbigtoolumbrella,18,D,big,tool,umbrella
1278,Dclosedmanmadebathroom,18,D,closed,manmade,bathroom
1279,Dclosedmanmadeconferencehall,18,D,closed,manmade,conferencehall
1280,Dclosedmanmadelivingroom,18,D,closed,manmade,livingroom
1281,Dclosednaturalcave,18,D,closed,natural,cave
1282,Dclosednaturalforestccanopy,18,D,closed,natural,forestccanopy
1283,Dclosednaturalicecave,18,D,closed,natural,icecave
1284,Dopenmanmadecity,18,D,open,manmade,city
1285,Dopenmanmadefarmhouse,18,D,open,manmade,farmhouse
1286,Dopenmanmadesuburbs,18,D,open,manmade,suburbs
1287,Dopennaturalgarden,18,D,open,natural,garden
1288,Dopennaturallake,18,D,open,natural,lake
1289,Dopennaturalmountains,18,D,open,natural,mountains
1290,Dsmallnottoolbowl,18,D,small,nottool,bowl
1291,Dsmallnottoolcupcake,18,D,small,nottool,cupcake
1292,Dsmallnottoolflowers,18,D,small,nottool,flowers
1293,Dsmalltooldrill,18,D,small,tool,drill
1294,Dsmalltoolhairbrush,18,D,small,tool,hairbrush
1295,Dsmalltoolwateringcan,18,D,small,tool,wateringcan
1296,Ebignottoolchair,19,E,big,nottool,chair
1297,Ebignottoollamppost,19,E,big,nottool,lamppost
1298,Ebignottooltv,19,E,big,nottool,tv
1299,Ebigtoolguitar,19,E,big,tool,guitar
1300,Ebigtoolleafblower,19,E,big,tool,leafblower
1301,Ebigtoolumbrella,19,E,big,tool,umbrella
1302,Eclosedmanmadebathroom,19,E,closed,manmade,bathroom
1303,Eclosedmanmadeconferencehall,19,E,closed,manmade,conferencehall
1304,Eclosedmanmadelivingroom,19,E,closed,manmade,livingroom
1305,Eclosednaturalcave,19,E,closed,natural,cave
1306,Eclosednaturalforestccanopy,19,E,closed,natural,forestccanopy
1307,Eclosednaturalicecave,19,E,closed,natural,icecave
1308,Eopenmanmadecity,19,E,open,manmade,city
1309,Eopenmanmadefarmhouse,19,E,open,manmade,farmhouse
1310,Eopenmanmadesuburbs,19,E,open,manmade,suburbs
1311,Eopennaturalgarden,19,E,open,natural,garden
1312,Eopennaturallake,19,E,open,natural,lake
1313,Eopennaturalmountains,19,E,open,natural,mountains
1314,Esmallnottoolbowl,19,E,small,nottool,bowl
1315,Esmallnottoolcupcake,19,E,small,nottool,cupcake
1316,Esmallnottoolflowers,19,E,small,nottool,flowers
1317,Esmalltooldrill,19,E,small,tool,drill
1318,Esmalltoolhairbrush,19,E,small,tool,hairbrush
1319,Esmalltoolwateringcan,19,E,small,tool,wateringcan
1320,Rbignottoolchair,19,R,big,nottool,chair
1321,Rbignottoollamppost,19,R,big,nottool,lamppost
1322,Rbignottooltv,19,R,big,nottool,tv
1323,Rbigtoolguitar,19,R,big,tool,guitar
1324,Rbigtoolleafblower,19,R,big,tool,leafblower
1325,Rbigtoolumbrella,19,R,big,tool,umbrella
1326,Rclosedmanmadebathroom,19,R,closed,manmade,bathroom
1327,Rclosedmanmadeconferencehall,19,R,closed,manmade,conferencehall
1328,Rclosedmanmadelivingroom,19,R,closed,manmade,livingroom
1329,Rclosednaturalcave,19,R,closed,natural,cave
1330,Rclosednaturalforestccanopy,19,R,closed,natural,forestccanopy
1331,Rclosednaturalicecave,19,R,closed,natural,icecave
1332,Ropenmanmadecity,19,R,open,manmade,city
1333,Ropenmanmadefarmhouse,19,R,open,manmade,farmhouse
1334,Ropenmanmadesuburbs,19,R,open,manmade,suburbs
1335,Ropennaturalgarden,19,R,open,natural,garden
1336,Ropennaturallake,19,R,open,natural,lake
1337,Ropennaturalmountains,19,R,open,natural,mountains
1338,Rsmallnottoolbowl,19,R,small,nottool,bowl
1339,Rsmallnottoolcupcake,19,R,small,nottool,cupcake
1340,Rsmallnottoolflowers,19,R,small,nottool,flowers
1341,Rsmalltooldrill,19,R,small,tool,drill
1342,Rsmalltoolhairbrush,19,R,small,tool,hairbrush
1343,Rsmalltoolwateringcan,19,R,small,tool,wateringcan
1344,Dbignottoolchair,19,D,big,nottool,chair
1345,Dbignottoollamppost,19,D,big,nottool,lamppost
1346,Dbignottooltv,19,D,big,nottool,tv
1347,Dbigtoolguitar,19,D,big,tool,guitar
1348,Dbigtoolleafblower,19,D,big,tool,leafblower
1349,Dbigtoolumbrella,19,D,big,tool,umbrella
1350,Dclosedmanmadebathroom,19,D,closed,manmade,bathroom
1351,Dclosedmanmadeconferencehall,19,D,closed,manmade,conferencehall
1352,Dclosedmanmadelivingroom,19,D,closed,manmade,livingroom
1353,Dclosednaturalcave,19,D,closed,natural,cave
1354,Dclosednaturalforestccanopy,19,D,closed,natural,forestccanopy
1355,Dclosednaturalicecave,19,D,closed,natural,icecave
1356,Dopenmanmadecity,19,D,open,manmade,city
1357,Dopenmanmadefarmhouse,19,D,open,manmade,farmhouse
1358,Dopenmanmadesuburbs,19,D,open,manmade,suburbs
1359,Dopennaturalgarden,19,D,open,natural,garden
1360,Dopennaturallake,19,D,open,natural,lake
1361,Dopennaturalmountains,19,D,open,natural,mountains
1362,Dsmallnottoolbowl,19,D,small,nottool,bowl
1363,Dsmallnottoolcupcake,19,D,small,nottool,cupcake
1364,Dsmallnottoolflowers,19,D,small,nottool,flowers
1365,Dsmalltooldrill,19,D,small,tool,drill
1366,Dsmalltoolhairbrush,19,D,small,tool,hairbrush
1367,Dsmalltoolwateringcan,19,D,small,tool,wateringcan
1368,Ebignottoolchair,20,E,big,nottool,chair
1369,Ebignottoollamppost,20,E,big,nottool,lamppost
1370,Ebignottooltv,20,E,big,nottool,tv
1371,Ebigtoolguitar,20,E,big,tool,guitar
1372,Ebigtoolleafblower,20,E,big,tool,leafblower
1373,Ebigtoolumbrella,20,E,big,tool,umbrella
1374,Eclosedmanmadebathroom,20,E,closed,manmade,bathroom
1375,Eclosedmanmadeconferencehall,20,E,closed,manmade,conferencehall
1376,Eclosedmanmadelivingroom,20,E,closed,manmade,livingroom
1377,Eclosednaturalcave,20,E,closed,natural,cave
1378,Eclosednaturalforestccanopy,20,E,closed,natural,forestccanopy
1379,Eclosednaturalicecave,20,E,closed,natural,icecave
1380,Eopenmanmadecity,20,E,open,manmade,city
1381,Eopenmanmadefarmhouse,20,E,open,manmade,farmhouse
1382,Eopenmanmadesuburbs,20,E,open,manmade,suburbs
1383,Eopennaturalgarden,20,E,open,natural,garden
1384,Eopennaturallake,20,E,open,natural,lake
1385,Eopennaturalmountains,20,E,open,natural,mountains
1386,Esmallnottoolbowl,20,E,small,nottool,bowl
1387,Esmallnottoolcupcake,20,E,small,nottool,cupcake
1388,Esmallnottoolflowers,20,E,small,nottool,flowers
1389,Esmalltooldrill,20,E,small,tool,drill
1390,Esmalltoolhairbrush,20,E,small,tool,hairbrush
1391,Esmalltoolwateringcan,20,E,small,tool,wateringcan
1392,Rbignottoolchair,20,R,big,nottool,chair
1393,Rbignottoollamppost,20,R,big,nottool,lamppost
1394,Rbignottooltv,20,R,big,nottool,tv
1395,Rbigtoolguitar,20,R,big,tool,guitar
1396,Rbigtoolleafblower,20,R,big,tool,leafblower
1397,Rbigtoolumbrella,20,R,big,tool,umbrella
1398,Rclosedmanmadebathroom,20,R,closed,manmade,bathroom
1399,Rclosedmanmadeconferencehall,20,R,closed,manmade,conferencehall
1400,Rclosedmanmadelivingroom,20,R,closed,manmade,livingroom
1401,Rclosednaturalcave,20,R,closed,natural,cave
1402,Rclosednaturalforestccanopy,20,R,closed,natural,forestccanopy
1403,Rclosednaturalicecave,20,R,closed,natural,icecave
1404,Ropenmanmadecity,20,R,open,manmade,city
1405,Ropenmanmadefarmhouse,20,R,open,manmade,farmhouse
1406,Ropenmanmadesuburbs,20,R,open,manmade,suburbs
1407,Ropennaturalgarden,20,R,open,natural,garden
1408,Ropennaturallake,20,R,open,natural,lake
1409,Ropennaturalmountains,20,R,open,natural,mountains
1410,Rsmallnottoolbowl,20,R,small,nottool,bowl
1411,Rsmallnottoolcupcake,20,R,small,nottool,cupcake
1412,Rsmallnottoolflowers,20,R,small,nottool,flowers
1413,Rsmalltooldrill,20,R,small,tool,drill
1414,Rsmalltoolhairbrush,20,R,small,tool,hairbrush
1415,Rsmalltoolwateringcan,20,R,small,tool,wateringcan
1416,Dbignottoolchair,20,D,big,nottool,chair
1417,Dbignottoollamppost,20,D,big,nottool,lamppost
1418,Dbignottooltv,20,D,big,nottool,tv
1419,Dbigtoolguitar,20,D,big,tool,guitar
1420,Dbigtoolleafblower,20,D,big,tool,leafblower
1421,Dbigtoolumbrella,20,D,big,tool,umbrella
1422,Dclosedmanmadebathroom,20,D,closed,manmade,bathroom
1423,Dclosedmanmadeconferencehall,20,D,closed,manmade,conferencehall
1424,Dclosedmanmadelivingroom,20,D,closed,manmade,livingroom
1425,Dclosednaturalcave,20,D,closed,natural,cave
1426,Dclosednaturalforestccanopy,20,D,closed,natural,forestccanopy
1427,Dclosednaturalicecave,20,D,closed,natural,icecave
1428,Dopenmanmadecity,20,D,open,manmade,city
1429,Dopenmanmadefarmhouse,20,D,open,manmade,farmhouse
1430,Dopenmanmadesuburbs,20,D,open,manmade,suburbs
1431,Dopennaturalgarden,20,D,open,natural,garden
1432,Dopennaturallake,20,D,open,natural,lake
1433,Dopennaturalmountains,20,D,open,natural,mountains
1434,Dsmallnottoolbowl,20,D,small,nottool,bowl
1435,Dsmallnottoolcupcake,20,D,small,nottool,cupcake
1436,Dsmallnottoolflowers,20,D,small,nottool,flowers
1437,Dsmalltooldrill,20,D,small,tool,drill
1438,Dsmalltoolhairbrush,20,D,small,tool,hairbrush
1439,Dsmalltoolwateringcan,20,D,small,tool,wateringcan
1440,Ebignottoolchair,21,E,big,nottool,chair
1441,Ebignottoollamppost,21,E,big,nottool,lamppost
1442,Ebignottooltv,21,E,big,nottool,tv
1443,Ebigtoolguitar,21,E,big,tool,guitar
1444,Ebigtoolleafblower,21,E,big,tool,leafblower
1445,Ebigtoolumbrella,21,E,big,tool,umbrella
1446,Eclosedmanmadebathroom,21,E,closed,manmade,bathroom
1447,Eclosedmanmadeconferencehall,21,E,closed,manmade,conferencehall
1448,Eclosedmanmadelivingroom,21,E,closed,manmade,livingroom
1449,Eclosednaturalcave,21,E,closed,natural,cave
1450,Eclosednaturalforestccanopy,21,E,closed,natural,forestccanopy
1451,Eclosednaturalicecave,21,E,closed,natural,icecave
1452,Eopenmanmadecity,21,E,open,manmade,city
1453,Eopenmanmadefarmhouse,21,E,open,manmade,farmhouse
1454,Eopenmanmadesuburbs,21,E,open,manmade,suburbs
1455,Eopennaturalgarden,21,E,open,natural,garden
1456,Eopennaturallake,21,E,open,natural,lake
1457,Eopennaturalmountains,21,E,open,natural,mountains
1458,Esmallnottoolbowl,21,E,small,nottool,bowl
1459,Esmallnottoolcupcake,21,E,small,nottool,cupcake
1460,Esmallnottoolflowers,21,E,small,nottool,flowers
1461,Esmalltooldrill,21,E,small,tool,drill
1462,Esmalltoolhairbrush,21,E,small,tool,hairbrush
1463,Esmalltoolwateringcan,21,E,small,tool,wateringcan
1464,Rbignottoolchair,21,R,big,nottool,chair
1465,Rbignottoollamppost,21,R,big,nottool,lamppost
1466,Rbignottooltv,21,R,big,nottool,tv
1467,Rbigtoolguitar,21,R,big,tool,guitar
1468,Rbigtoolleafblower,21,R,big,tool,leafblower
1469,Rbigtoolumbrella,21,R,big,tool,umbrella
1470,Rclosedmanmadebathroom,21,R,closed,manmade,bathroom
1471,Rclosedmanmadeconferencehall,21,R,closed,manmade,conferencehall
1472,Rclosedmanmadelivingroom,21,R,closed,manmade,livingroom
1473,Rclosednaturalcave,21,R,closed,natural,cave
1474,Rclosednaturalforestccanopy,21,R,closed,natural,forestccanopy
1475,Rclosednaturalicecave,21,R,closed,natural,icecave
1476,Ropenmanmadecity,21,R,open,manmade,city
1477,Ropenmanmadefarmhouse,21,R,open,manmade,farmhouse
1478,Ropenmanmadesuburbs,21,R,open,manmade,suburbs
1479,Ropennaturalgarden,21,R,open,natural,garden
1480,Ropennaturallake,21,R,open,natural,lake
1481,Ropennaturalmountains,21,R,open,natural,mountains
1482,Rsmallnottoolbowl,21,R,small,nottool,bowl
1483,Rsmallnottoolcupcake,21,R,small,nottool,cupcake
1484,Rsmallnottoolflowers,21,R,small,nottool,flowers
1485,Rsmalltooldrill,21,R,small,tool,drill
1486,Rsmalltoolhairbrush,21,R,small,tool,hairbrush
1487,Rsmalltoolwateringcan,21,R,small,tool,wateringcan
1488,Dbignottoolchair,21,D,big,nottool,chair
1489,Dbignottoollamppost,21,D,big,nottool,lamppost
1490,Dbignottooltv,21,D,big,nottool,tv
1491,Dbigtoolguitar,21,D,big,tool,guitar
1492,Dbigtoolleafblower,21,D,big,tool,leafblower
1493,Dbigtoolumbrella,21,D,big,tool,umbrella
1494,Dclosedmanmadebathroom,21,D,closed,manmade,bathroom
1495,Dclosedmanmadeconferencehall,21,D,closed,manmade,conferencehall
1496,Dclosedmanmadelivingroom,21,D,closed,manmade,livingroom
1497,Dclosednaturalcave,21,D,closed,natural,cave
1498,Dclosednaturalforestccanopy,21,D,closed,natural,forestccanopy
1499,Dclosednaturalicecave,21,D,closed,natural,icecave
1500,Dopenmanmadecity,21,D,open,manmade,city
1501,Dopenmanmadefarmhouse,21,D,open,manmade,farmhouse
1502,Dopenmanmadesuburbs,21,D,open,manmade,suburbs
1503,Dopennaturalgarden,21,D,open,natural,garden
1504,Dopennaturallake,21,D,open,natural,lake
1505,Dopennaturalmountains,21,D,open,natural,mountains
1506,Dsmallnottoolbowl,21,D,small,nottool,bowl
1507,Dsmallnottoolcupcake,21,D,small,nottool,cupcake
1508,Dsmallnottoolflowers,21,D,small,nottool,flowers
1509,Dsmalltooldrill,21,D,small,tool,drill
1510,Dsmalltoolhairbrush,21,D,small,tool,hairbrush
1511,Dsmalltoolwateringcan,21,D,small,tool,wateringcan
1512,Ebignottoolchair,22,E,big,nottool,chair
1513,Ebignottoollamppost,22,E,big,nottool,lamppost
1514,Ebignottooltv,22,E,big,nottool,tv
1515,Ebigtoolguitar,22,E,big,tool,guitar
1516,Ebigtoolleafblower,22,E,big,tool,leafblower
1517,Ebigtoolumbrella,22,E,big,tool,umbrella
1518,Eclosedmanmadebathroom,22,E,closed,manmade,bathroom
1519,Eclosedmanmadeconferencehall,22,E,closed,manmade,conferencehall
1520,Eclosedmanmadelivingroom,22,E,closed,manmade,livingroom
1521,Eclosednaturalcave,22,E,closed,natural,cave
1522,Eclosednaturalforestccanopy,22,E,closed,natural,forestccanopy
1523,Eclosednaturalicecave,22,E,closed,natural,icecave
1524,Eopenmanmadecity,22,E,open,manmade,city
1525,Eopenmanmadefarmhouse,22,E,open,manmade,farmhouse
1526,Eopenmanmadesuburbs,22,E,open,manmade,suburbs
1527,Eopennaturalgarden,22,E,open,natural,garden
1528,Eopennaturallake,22,E,open,natural,lake
1529,Eopennaturalmountains,22,E,open,natural,mountains
1530,Esmallnottoolbowl,22,E,small,nottool,bowl
1531,Esmallnottoolcupcake,22,E,small,nottool,cupcake
1532,Esmallnottoolflowers,22,E,small,nottool,flowers
1533,Esmalltooldrill,22,E,small,tool,drill
1534,Esmalltoolhairbrush,22,E,small,tool,hairbrush
1535,Esmalltoolwateringcan,22,E,small,tool,wateringcan
1536,Rbignottoolchair,22,R,big,nottool,chair
1537,Rbignottoollamppost,22,R,big,nottool,lamppost
1538,Rbignottooltv,22,R,big,nottool,tv
1539,Rbigtoolguitar,22,R,big,tool,guitar
1540,Rbigtoolleafblower,22,R,big,tool,leafblower
1541,Rbigtoolumbrella,22,R,big,tool,umbrella
1542,Rclosedmanmadebathroom,22,R,closed,manmade,bathroom
1543,Rclosedmanmadeconferencehall,22,R,closed,manmade,conferencehall
1544,Rclosedmanmadelivingroom,22,R,closed,manmade,livingroom
1545,Rclosednaturalcave,22,R,closed,natural,cave
1546,Rclosednaturalforestccanopy,22,R,closed,natural,forestccanopy
1547,Rclosednaturalicecave,22,R,closed,natural,icecave
1548,Ropenmanmadecity,22,R,open,manmade,city
1549,Ropenmanmadefarmhouse,22,R,open,manmade,farmhouse
1550,Ropenmanmadesuburbs,22,R,open,manmade,suburbs
1551,Ropennaturalgarden,22,R,open,natural,garden
1552,Ropennaturallake,22,R,open,natural,lake
1553,Ropennaturalmountains,22,R,open,natural,mountains
1554,Rsmallnottoolbowl,22,R,small,nottool,bowl
1555,Rsmallnottoolcupcake,22,R,small,nottool,cupcake
1556,Rsmallnottoolflowers,22,R,small,nottool,flowers
1557,Rsmalltooldrill,22,R,small,tool,drill
1558,Rsmalltoolhairbrush,22,R,small,tool,hairbrush
1559,Rsmalltoolwateringcan,22,R,small,tool,wateringcan
1560,Dbignottoolchair,22,D,big,nottool,chair
1561,Dbignottoollamppost,22,D,big,nottool,lamppost
1562,Dbignottooltv,22,D,big,nottool,tv
1563,Dbigtoolguitar,22,D,big,tool,guitar
1564,Dbigtoolleafblower,22,D,big,tool,leafblower
1565,Dbigtoolumbrella,22,D,big,tool,umbrella
1566,Dclosedmanmadebathroom,22,D,closed,manmade,bathroom
1567,Dclosedmanmadeconferencehall,22,D,closed,manmade,conferencehall
1568,Dclosedmanmadelivingroom,22,D,closed,manmade,livingroom
1569,Dclosednaturalcave,22,D,closed,natural,cave
1570,Dclosednaturalforestccanopy,22,D,closed,natural,forestccanopy
1571,Dclosednaturalicecave,22,D,closed,natural,icecave
1572,Dopenmanmadecity,22,D,open,manmade,city
1573,Dopenmanmadefarmhouse,22,D,open,manmade,farmhouse
1574,Dopenmanmadesuburbs,22,D,open,manmade,suburbs
1575,Dopennaturalgarden,22,D,open,natural,garden
1576,Dopennaturallake,22,D,open,natural,lake
1577,Dopennaturalmountains,22,D,open,natural,mountains
1578,Dsmallnottoolbowl,22,D,small,nottool,bowl
1579,Dsmallnottoolcupcake,22,D,small,nottool,cupcake
1580,Dsmallnottoolflowers,22,D,small,nottool,flowers
1581,Dsmalltooldrill,22,D,small,tool,drill
1582,Dsmalltoolhairbrush,22,D,small,tool,hairbrush
1583,Dsmalltoolwateringcan,22,D,small,tool,wateringcan
