,roi,phase,sub,corr,shuff_corr,roi_group
0,LO,E,1,0.002978135638183567,0.04848472251245275,object
1,LO,E,2,0.14182388949929367,0.05378179535109374,object
2,LO,E,3,0.24751681694575642,0.06490196078431372,object
3,LO,E,4,0.08621109858592202,0.04968288123742526,object
4,LO,E,5,0.06097744039040539,0.04648617456942681,object
5,LO,E,6,0.2082249600222897,0.04831507474609152,object
6,LO,E,7,0.3607094647622037,0.04384344401478291,object
7,LO,E,8,0.2693437593641643,0.044425496211526666,object
8,LO,E,9,0.4810644825273613,0.048128896562549046,object
9,LO,E,10,0.26942081305917437,0.054013669896262904,object
10,LO,E,11,0.31520155248926246,0.04820027682253392,object
11,LO,E,12,0.47415019762845856,0.05338522566744196,object
12,LO,E,13,0.3627448238466917,0.04833849402833865,object
13,LO,E,14,0.37740386124627223,0.04725041023957991,object
14,LO,E,15,0.5599821267400863,0.049601890178747415,object
15,LO,E,16,0.2899842286648883,0.05092481356724235,object
16,LO,E,17,0.34611435339107605,0.05138564232816314,object
17,LO,E,18,0.23135971233287195,0.05327481628401421,object
18,LO,E,19,0.3154498366176282,0.04839787103494527,object
19,LO,E,20,0.23529173385082977,0.0454472453304034,object
20,LO,E,21,0.475507484196858,0.043887353205576414,object
21,LO,E,22,0.3726779012856552,0.04797620467744467,object
22,LO,R,1,0.01233047450096406,0.047922240945178295,object
23,LO,R,2,0.026485352663346704,0.04560648392574306,object
24,LO,R,3,0.01891131148323076,0.06132083392967893,object
25,LO,R,4,0.06344772477561679,0.045823341561906934,object
26,LO,R,5,0.10295629343188598,0.046383390647964505,object
27,LO,R,6,0.045607935371714904,0.05064196273884737,object
28,LO,R,7,0.008830353448152852,0.04940456899873004,object
29,LO,R,8,0.04190351165080407,0.04633426463663476,object
30,LO,R,9,0.06679699205205405,0.05007825230804355,object
31,LO,R,10,0.08195145617214367,0.055200416660721174,object
32,LO,R,11,0.08875957820236585,0.049961381829597175,object
33,LO,R,12,0.10055792582868395,0.049588453361110715,object
34,LO,R,13,0.059281117563961705,0.05651986130334898,object
35,LO,R,14,0.06666229077781424,0.05299974030050941,object
36,LO,R,15,0.09389834175866356,0.05493430169054954,object
37,LO,R,16,0.07769913744426486,0.05099140364882494,object
38,LO,R,17,0.172708151995548,0.04997186113211855,object
39,LO,R,18,0.09237025727372612,0.04748770137412423,object
40,LO,R,19,0.05530628843766499,0.04236543428318661,object
41,LO,R,20,0.07173984389492159,0.04839042821877542,object
42,LO,R,21,0.11201552489262426,0.048685287025013915,object
43,LO,R,22,0.27647550691342876,0.04529148842054195,object
44,PFS,E,1,0.014683935259080759,0.04727820336687163,object
45,PFS,E,2,0.09900657810248142,0.052103063597836785,object
46,PFS,E,3,0.20097800677448593,0.0664809407948094,object
47,PFS,E,4,0.046575819408969626,0.04678807094647623,object
48,PFS,E,5,0.05660763973116822,0.052114456129336045,object
49,PFS,E,6,0.11904317296306341,0.048849079141787106,object
50,PFS,E,7,0.16236925842953154,0.05830021831880254,object
51,PFS,E,8,0.2940585893466132,0.04801965154606812,object
52,PFS,E,9,0.29505515046874337,0.04736246914284899,object
53,PFS,E,10,0.21876742626389464,0.04333819437508026,object
54,PFS,E,11,0.4808395998915541,0.05063876942395228,object
55,PFS,E,12,0.3988727329804084,0.04396197542843281,object
56,PFS,E,13,0.47461251979851893,0.043422799332201306,object
57,PFS,E,14,0.12428247313822575,0.05066533867952798,object
58,PFS,E,15,0.5119955361311062,0.052512667635913106,object
59,PFS,E,16,0.2661889834303627,0.043735538075118284,object
60,PFS,E,17,0.4195077125041024,0.04976907863757653,object
61,PFS,E,18,0.13044733950714174,0.04219158973188168,object
62,PFS,E,19,0.49509453346841514,0.047973390790656524,object
63,PFS,E,20,0.019220616144176028,0.05455850230447625,object
64,PFS,E,21,0.5846543285626633,0.049764729384569294,object
65,PFS,E,22,0.5590793510366576,0.049526011329747,object
66,PFS,R,1,0.024404558125886436,0.046719404639637425,object
67,PFS,R,2,0.028267290706468228,0.04773425607511309,object
68,PFS,R,3,0.03710700825342302,0.06981747054052766,object
69,PFS,R,4,0.05791412793767214,0.04857545982505958,object
70,PFS,R,5,0.12901014540317632,0.04828348910546368,object
71,PFS,R,6,0.002578729042268926,0.049299245203045274,object
72,PFS,R,7,0.005599805938842198,0.06026768453646496,object
73,PFS,R,8,0.0006695109944207418,0.04506148599477746,object
74,PFS,R,9,0.0077184971675632475,0.04444521054208701,object
75,PFS,R,10,0.05382172058047117,0.04709870578330788,object
76,PFS,R,11,0.11072558896134473,0.05045217962072458,object
77,PFS,R,12,0.09814414748647993,0.04715831680484012,object
78,PFS,R,13,0.1124458840484582,0.043993276351650235,object
79,PFS,R,14,0.02804982805610651,0.05027678258015726,object
80,PFS,R,15,0.02837639366225467,0.048025864355888306,object
81,PFS,R,16,0.04180474697716077,0.056952685994665006,object
82,PFS,R,17,0.2713876799703201,0.04298931807479915,object
83,PFS,R,18,0.15004523337281145,0.048453498095061436,object
84,PFS,R,19,0.07529858306816399,0.04663811304062443,object
85,PFS,R,20,0.09584052738973474,0.04966172857122472,object
86,PFS,R,21,0.24589203921176922,0.050172252108274716,object
87,PFS,R,22,0.42480101596723796,0.045696847933105994,object
88,PPA,E,1,0.09806951008594282,0.047591267000715816,scene
89,PPA,E,2,0.12948388293546043,0.051202420056791424,scene
90,PPA,E,3,0.05999713754114785,0.06619025809837317,scene
91,PPA,E,4,0.09420698905552148,0.04724105535023759,scene
92,PPA,E,5,0.014801158659265708,0.051549612591144545,scene
93,PPA,E,6,0.04317815016205978,0.05376447015269336,scene
94,PPA,E,7,0.12152851700175511,0.04985054437008606,scene
95,PPA,E,8,0.29963727686534153,0.04860997417274297,scene
96,PPA,E,9,0.210897104778756,0.0518545169161399,scene
97,PPA,E,10,0.1333011800630699,0.049476828241606145,scene
98,PPA,E,11,0.26460524250510126,0.0442399737446669,scene
99,PPA,E,12,0.4178524849816641,0.04851953025784451,scene
100,PPA,E,13,0.34979752001255693,0.04910425935702973,scene
101,PPA,E,14,0.26824331844579846,0.05402676902441462,scene
102,PPA,E,15,0.12603538194089375,0.04850777546087371,scene
103,PPA,E,16,0.10646819447419147,0.04634095290017329,scene
104,PPA,E,17,0.5080367003895493,0.04728415405031322,scene
105,PPA,E,18,0.23108745594383642,0.04759631283800173,scene
106,PPA,E,19,0.20236412151653088,0.04913466988199369,scene
107,PPA,E,20,0.376926699105321,0.04742981407228779,scene
108,PPA,E,21,0.4966989626289579,0.048956230647393725,scene
109,PPA,E,22,0.21705740500278248,0.04922760234585694,scene
110,PPA,R,1,0.013995533167049773,0.05251592068777964,scene
111,PPA,R,2,0.0007174555157603346,0.04894964398339065,scene
112,PPA,R,3,0.10872095796956252,0.0762470301989409,scene
113,PPA,R,4,0.09178521995976086,0.045619177808535846,scene
114,PPA,R,5,0.08725103808450223,0.04731730996989199,scene
115,PPA,R,6,0.00013338253666908236,0.050147810081052124,scene
116,PPA,R,7,0.024775902170345743,0.05432017807965069,scene
117,PPA,R,8,0.02605727657995748,0.050637719210627694,scene
118,PPA,R,9,0.014084844679727744,0.048046363493671605,scene
119,PPA,R,10,0.11706225653172758,0.050138645281888106,scene
120,PPA,R,11,0.11547209657396441,0.04685414306302707,scene
121,PPA,R,12,0.1634114810005565,0.049859762275081695,scene
122,PPA,R,13,0.013861674348254163,0.048049554087413134,scene
123,PPA,R,14,0.08139952340862716,0.05094843966267606,scene
124,PPA,R,15,0.0882466272743575,0.04981448712191607,scene
125,PPA,R,16,0.024884635604275784,0.04949654393582428,scene
126,PPA,R,17,0.07694924444571283,0.0488225681711163,scene
127,PPA,R,18,0.09082461722863544,0.047438324224825565,scene
128,PPA,R,19,0.09584281046217948,0.04853238966338951,scene
129,PPA,R,20,0.04833949287253322,0.04858855895321129,scene
130,PPA,R,21,0.14312695309713047,0.057741345015054006,scene
131,PPA,R,22,0.0424503075013199,0.052155608510152544,scene
132,RSC,E,1,0.028396401042755034,0.04792494564661632,scene
133,RSC,E,2,0.0932366832665059,0.05023937443815015,scene
134,RSC,E,3,0.11986069366919518,0.06166781165020753,scene
135,RSC,E,4,0.06392774075712392,0.05348253592271801,scene
136,RSC,E,5,0.11465989355174727,0.05237357914413322,scene
137,RSC,E,6,,,scene
138,RSC,E,7,,,scene
139,RSC,E,8,0.19004808721336738,0.05301302207445671,scene
140,RSC,E,9,0.2422693740100741,0.045957021161227726,scene
141,RSC,E,10,0.13513848261297642,0.042805467958505164,scene
142,RSC,E,11,0.32281788216492346,0.043818701217163004,scene
143,RSC,E,12,0.03824032191321471,0.04174956407585508,scene
144,RSC,E,13,0.18607439962329306,0.05125641472010959,scene
145,RSC,E,14,0.07567186541287939,0.04327233915041167,scene
146,RSC,E,15,0.09589389271005155,0.0489849588959483,scene
147,RSC,E,16,0.08417804084970501,0.053096098054868666,scene
148,RSC,E,17,0.10908463064168607,0.048602417202950866,scene
149,RSC,E,18,0.02735406172857123,0.046034343117250034,scene
150,RSC,E,19,0.20269003010801787,0.056317546838658125,scene
151,RSC,E,20,0.2124039325922861,0.04753541758821935,scene
152,RSC,E,21,0.36754840827042995,0.041663766213381664,scene
153,RSC,E,22,0.5811783507655428,0.046968490746421995,scene
154,RSC,R,1,0.004041490861073195,0.053926374321786846,scene
155,RSC,R,2,0.10837916125626063,0.05038221486565546,scene
156,RSC,R,3,0.08564476885644769,0.06852535661466534,scene
157,RSC,R,4,0.0742614974101397,0.041842114125083846,scene
158,RSC,R,5,0.043412051768667685,0.04743114966966795,scene
159,RSC,R,6,,,scene
160,RSC,R,7,,,scene
161,RSC,R,8,0.026012756667285,0.04872074314008075,scene
162,RSC,R,9,0.03855310283814444,0.04986502475706682,scene
163,RSC,R,10,0.006550134843966269,0.050357860190351184,scene
164,RSC,R,11,0.06416289721893238,0.05033234114810006,scene
165,RSC,R,12,0.21265449979309656,0.04590941910075484,scene
166,RSC,R,13,0.08592742683466277,0.051440778527703665,scene
167,RSC,R,14,0.03201609566073543,0.04710896248626589,scene
168,RSC,R,15,0.018989227137121693,0.049745980369054664,scene
169,RSC,R,16,0.014264296423216962,0.0471341342315855,scene
170,RSC,R,17,0.11014169318360185,0.05066144604100969,scene
171,RSC,R,18,0.11986358642142664,0.0500132418201795,scene
172,RSC,R,19,0.18045632910489293,0.048796512606840654,scene
173,RSC,R,20,0.08886231646237924,0.0447756339093335,scene
174,RSC,R,21,0.11270215893038057,0.04597061685763618,scene
175,RSC,R,22,0.0997736904439149,0.04744948844908035,scene
176,OPA,E,1,0.023702817780188543,0.050046958063048444,scene
177,OPA,E,2,0.01749175953539476,0.055278172400507995,scene
178,OPA,E,3,0.11778541100138352,0.07494494537474358,scene
179,OPA,E,4,,,scene
180,OPA,E,5,0.03737617899287967,0.04175769752143948,scene
181,OPA,E,6,,,scene
182,OPA,E,7,0.258943793610251,0.05232831723291619,scene
183,OPA,E,8,0.25287082090723595,0.03965611792069177,scene
184,OPA,E,9,0.39721807622608124,0.048955808278991444,scene
185,OPA,E,10,0.07251723006235643,0.04824470541230862,scene
186,OPA,E,11,0.3302772506100084,0.04328208786975073,scene
187,OPA,E,12,0.05183373524921163,0.04858182959718041,scene
188,OPA,E,13,0.34667770151681626,0.047463717698092205,scene
189,OPA,E,14,0.3181410082618684,0.049280615288023855,scene
190,OPA,E,15,0.07547228533192245,0.0483748078920965,scene
191,OPA,E,16,0.07540353200023364,0.04971731342121147,scene
192,OPA,E,17,0.24131219588761582,0.04617353633652487,scene
193,OPA,E,18,0.3070429931079751,0.04561344158901842,scene
194,OPA,E,19,0.18540717170131707,0.04750362580442632,scene
195,OPA,E,20,0.2520209471896805,0.04719323069020133,scene
196,OPA,E,21,0.3437331088312096,0.05092302906636606,scene
197,OPA,E,22,0.3707441389249583,0.04791182774218405,scene
198,OPA,R,1,0.034477162686679975,0.05095205490618022,scene
199,OPA,R,2,0.03941610422225711,0.05479166107789558,scene
200,OPA,R,3,0.03321883497924717,0.0687895138590716,scene
201,OPA,R,4,,,scene
202,OPA,R,5,0.03181347298126454,0.05498431814614519,scene
203,OPA,R,6,,,scene
204,OPA,R,7,0.03613875372782923,0.048568308100626414,scene
205,OPA,R,8,0.16004851528945077,0.0499368330931351,scene
206,OPA,R,9,0.07369015853084289,0.04998421255404461,scene
207,OPA,R,10,0.025523037627887726,0.041675558282558756,scene
208,OPA,R,11,0.03213024928297256,0.04971090595168448,scene
209,OPA,R,12,0.00853184172600277,0.05359313936730355,scene
210,OPA,R,13,0.028011586592657074,0.0451848346912858,scene
211,OPA,R,14,0.011006692256103652,0.042141710306645166,scene
212,OPA,R,15,0.08033630183578831,0.0547981996321606,scene
213,OPA,R,16,0.0684164411300843,0.04939950154792734,scene
214,OPA,R,17,0.2569786390034389,0.049825133773776065,scene
215,OPA,R,18,0.04706725075270045,0.04837921262539063,scene
216,OPA,R,19,0.07107375750916797,0.046724561578744585,scene
217,OPA,R,20,0.007969635136484925,0.04337155577117907,scene
218,OPA,R,21,0.009059231460738289,0.047939880994848826,scene
219,OPA,R,22,0.09183202294487806,0.04717561678629015,scene
220,headbody,E,1,0.10221474291998085,0.04466546177775209,hpc
221,headbody,E,2,0.08390234157617614,0.05359473751801487,hpc
222,headbody,E,3,0.010309622632507991,0.06686761127808788,hpc
223,headbody,E,4,0.08264094405045591,0.052710743282772796,hpc
224,headbody,E,5,0.024084131219588762,0.044892835433284345,hpc
225,headbody,E,6,0.011717655846378886,0.05543210013768042,hpc
226,headbody,E,7,0.07348810661948317,0.04616754897903854,hpc
227,headbody,E,8,0.00971047787560109,0.0464801073044049,hpc
228,headbody,E,9,0.015222385525320702,0.04893915326550706,hpc
229,headbody,E,10,0.034223826714801446,0.044157429260427226,hpc
230,headbody,E,11,0.1113745523037628,0.042634916739201785,hpc
231,headbody,E,12,0.06405445127780711,0.04757855053438164,hpc
232,headbody,E,13,0.08702558468058391,0.04621987129179093,hpc
233,headbody,E,14,0.027955080549649694,0.04932551190764973,hpc
234,headbody,E,15,0.06521516826207001,0.05763618727500961,hpc
235,headbody,E,16,0.07766798418972332,0.05433950232675868,hpc
236,headbody,E,17,0.030677073671893953,0.04999430944193148,hpc
237,headbody,E,18,0.01619725745922575,0.05268568085501063,hpc
238,headbody,E,19,0.02723534196144462,0.04977222927755026,hpc
239,headbody,E,20,0.08097201809334914,0.04810801786504189,hpc
240,headbody,E,21,0.08060672650219032,0.050581019106462524,hpc
241,headbody,E,22,0.05820521967437679,0.045238635293446156,hpc
242,headbody,R,1,0.021632424405447343,0.04564047330052123,hpc
243,headbody,R,2,0.07059659536821679,0.041246409155120504,hpc
244,headbody,R,3,0.02258957110824865,0.06491383998855017,hpc
245,headbody,R,4,0.01202779640701474,0.04539448352620539,hpc
246,headbody,R,5,0.0023059031691899374,0.04461733137369615,hpc
247,headbody,R,6,0.01722264954034896,0.04616378486286052,hpc
248,headbody,R,7,0.0612234414463264,0.04287421126981636,hpc
249,headbody,R,8,0.09330118006306988,0.052985117221500844,hpc
250,headbody,R,9,0.07625576119062227,0.046822025941410654,hpc
251,headbody,R,10,0.05314707267304976,0.04998123885218533,hpc
252,headbody,R,11,0.04622194318003454,0.04215634480101596,hpc
253,headbody,R,12,0.013772063754798019,0.047276996618198945,hpc
254,headbody,R,13,0.026871762674619368,0.040706097230347744,hpc
255,headbody,R,14,0.10421940326193978,0.045752086870906525,hpc
256,headbody,R,15,0.042877298440461745,0.0601754128560017,hpc
257,headbody,R,16,0.01637298233999883,0.05073508051169221,hpc
258,headbody,R,17,0.118284271057776,0.04750581755397325,hpc
259,headbody,R,18,0.08704442002825302,0.0445181832451021,hpc
260,headbody,R,19,0.08901357001184344,0.045426669139995136,hpc
261,headbody,R,20,0.03131747549264423,0.041638618170402826,hpc
262,headbody,R,21,0.05252493543185743,0.054112258672107984,hpc
263,headbody,R,22,0.015054579700632125,0.0413026811832023,hpc
264,tail,E,1,0.036474936680345786,0.05406095730128596,hpc
265,tail,E,2,0.023971689901685193,0.04776727501034516,hpc
266,tail,E,3,0.10588235294117647,0.06900415056533561,hpc
267,tail,E,4,0.0038589631997260317,0.046500232588005314,hpc
268,tail,E,5,0.015475235798575935,0.051776315977226345,hpc
269,tail,E,6,0.04131153566278523,0.04884982015587973,hpc
270,tail,E,7,0.0527521011401093,0.04440131276665573,hpc
271,tail,E,8,0.09778285127209944,0.04302452305189711,hpc
272,tail,E,9,0.01713902484268204,0.049448381158944656,hpc
273,tail,E,10,0.028800958890426796,0.04230450478731753,hpc
274,tail,E,11,0.01039597037713503,0.04742891796635322,hpc
275,tail,E,12,0.08691371413079152,0.04624403761361853,hpc
276,tail,E,13,0.04019976883891497,0.04064216549421383,hpc
277,tail,E,14,0.06073372240692913,0.04438456072259243,hpc
278,tail,E,15,0.1333106583020996,0.053397008674310964,hpc
279,tail,E,16,0.0051714402538990244,0.04859003290562512,hpc
280,tail,E,17,0.18835404745936846,0.04710480729441646,hpc
281,tail,E,18,0.04447025584680584,0.04929920520540518,hpc
282,tail,E,19,0.055704113811161374,0.04260365576975214,hpc
283,tail,E,20,0.04863457998601618,0.0481069676517173,hpc
284,tail,E,21,0.08222770793795751,0.04967699661819894,hpc
285,tail,E,22,0.020657239480030253,0.0474595682139239,hpc
286,tail,R,1,0.09709211249779548,0.04654657792281893,hpc
287,tail,R,2,0.027658281131833166,0.04856368487892581,hpc
288,tail,R,3,0.043766995849434664,0.06919979962788035,hpc
289,tail,R,4,0.039300809063797605,0.04375240079336769,hpc
290,tail,R,5,0.019519698634437296,0.0476801529658538,hpc
291,tail,R,6,0.05691803346716048,0.05167624797888406,hpc
292,tail,R,7,0.05749917952084017,0.0454963542186898,hpc
293,tail,R,8,0.08019406115780313,0.04571651089453633,hpc
294,tail,R,9,0.005324695709250724,0.043552449308657135,hpc
295,tail,R,10,0.014841683195159888,0.04704496225795865,hpc
296,tail,R,11,0.1374398196372769,0.0468923788187954,hpc
297,tail,R,12,0.048801244274482396,0.046330246429132006,hpc
298,tail,R,13,0.04694681868124028,0.04642111842011386,hpc
299,tail,R,14,0.044547309541815905,0.046397648435381925,hpc
300,tail,R,15,0.038583121773809896,0.051065719057845044,hpc
301,tail,R,16,0.004477306801144882,0.05298327459646801,hpc
302,tail,R,17,0.22485809277835647,0.05261319330489006,hpc
303,tail,R,18,0.017891867981335883,0.045237117050270406,hpc
304,tail,R,19,0.13648606612348568,0.05095925571838302,hpc
305,tail,R,20,0.05565902313037771,0.049284816141322164,hpc
306,tail,R,21,0.06429189081206034,0.047814300595025755,hpc
307,tail,R,22,0.07913129093477549,0.054722632382528794,hpc
308,PRC,E,1,0.013350109892389933,0.04815666075337421,none
309,PRC,E,2,0.031679342475135916,0.04742160071916782,none
310,PRC,E,3,0.010147416630885931,0.07429106435761652,none
311,PRC,E,4,0.1088483326436552,0.05169796663860391,none
312,PRC,E,5,0.07071702743967695,0.05331266391746693,none
313,PRC,E,6,0.03008739520208195,0.054811004355680835,none
314,PRC,E,7,0.2497355916724933,0.05364486808122031,none
315,PRC,E,8,0.06154307158859035,0.04896548850615716,none
316,PRC,E,9,0.04681782508811232,0.0464359127295558,none
317,PRC,E,10,0.048782408926813264,0.047220496282872684,none
318,PRC,E,11,0.07978995733508369,0.04338193804312152,none
319,PRC,E,12,0.03298411837730626,0.04744840969735021,none
320,PRC,E,13,0.053455858221201184,0.050876243204292175,none
321,PRC,E,14,0.01041823033347127,0.04870234157617615,none
322,PRC,E,15,0.07871496300116636,0.05161606281428262,none
323,PRC,E,16,0.05687026616561849,0.0512688136451255,none
324,PRC,E,17,0.15737047131176782,0.04478360183216564,none
325,PRC,E,18,0.024851814329133432,0.04800213467273583,none
326,PRC,E,19,0.08276936687547268,0.04432525220815913,none
327,PRC,E,20,,,none
328,PRC,E,21,0.32185214252079736,0.04703326151167934,none
329,PRC,E,22,0.39226323825287884,0.047622202879525115,none
330,PRC,R,1,0.03729968536541628,0.05345080629743418,none
331,PRC,R,2,0.0015650461608709922,0.0515317304262211,none
332,PRC,R,3,0.04430609226659033,0.07982348170411718,none
333,PRC,R,4,0.03788701645239081,0.05584147486479931,none
334,PRC,R,5,0.010538662404931436,0.044463086999329354,none
335,PRC,R,6,0.03541602754201179,0.0552285583867234,none
336,PRC,R,7,0.04581783935731511,0.047576261754255784,none
337,PRC,R,8,0.051264679442359566,0.04568337209800089,none
338,PRC,R,9,0.017467787274724964,0.04759297955223242,none
339,PRC,R,10,0.014895335397611337,0.050795901884961706,none
340,PRC,R,11,0.009257287995319701,0.05101553916182706,none
341,PRC,R,12,0.060531670495569415,0.04468090352592001,none
342,PRC,R,13,0.005244788173684736,0.045062028224483096,none
343,PRC,R,14,0.06732951869979024,0.04850240150682782,none
344,PRC,R,15,0.005147083887241367,0.05623483329405959,none
345,PRC,R,16,0.10178449736170875,0.054255291185576045,none
346,PRC,R,17,0.19367646009617445,0.04885144903754228,none
347,PRC,R,18,0.07796349937928967,0.04743991096017466,none
348,PRC,R,19,0.06859719467473353,0.04962807608338922,none
349,PRC,R,20,,,none
350,PRC,R,21,0.08859348468201081,0.050528171687047846,none
351,PRC,R,22,0.20228478474907607,0.051090195630770115,none
352,EVC,E,1,0.013736178234637667,0.05167345435575494,visual
353,EVC,E,2,0.06620282244830981,0.05306525877199241,visual
354,EVC,E,3,0.11669767663756501,0.0684932970755212,visual
355,EVC,E,4,0.08592742683466277,0.04588061243418329,visual
356,EVC,E,5,0.05415504915740357,0.053544441432057194,visual
357,EVC,E,6,0.11203836674565877,0.055654196881516294,visual
358,EVC,E,7,0.49335825687418844,0.04776095660735435,visual
359,EVC,E,8,0.17281031948745024,0.049812434183302175,visual
360,EVC,E,9,0.3900435210684779,0.05117407000470884,visual
361,EVC,E,10,0.07852056905580686,0.052826563547894584,visual
362,EVC,E,11,0.4934393059459768,0.04414834833977825,visual
363,EVC,E,12,0.2732341148100056,0.043269097187540136,visual
364,EVC,E,13,0.3702584152623393,0.045791789500720596,visual
365,EVC,E,14,0.2808304676017751,0.058747888871448765,visual
366,EVC,E,15,0.31073610857931294,0.050125105409254675,visual
367,EVC,E,16,0.15722658151443758,0.05052158336416206,visual
368,EVC,E,17,0.4407151724433157,0.05641278520569057,visual
369,EVC,E,18,0.2670116008618599,0.05012203592985261,visual
370,EVC,E,19,0.3805818980893537,0.04486026740486009,visual
371,EVC,E,20,0.3288303534481529,0.051601563904624656,visual
372,EVC,E,21,0.5351282087869752,0.049374826272456165,visual
373,EVC,E,22,0.4778676103366105,0.04768706496768026,visual
374,EVC,R,1,0.059757599470026714,0.0445754952567688,visual
375,EVC,R,2,0.01262596138753728,0.04208068378019721,visual
376,EVC,R,3,0.006974858069748581,0.06845274557511569,visual
377,EVC,R,4,0.04963171187625748,0.047821709165108944,visual
378,EVC,R,5,0.02766113497238909,0.04516186698249169,visual
379,EVC,R,6,0.029190027135936072,0.054403587397425124,visual
380,EVC,R,7,0.08633666757038284,0.045098842767654565,visual
381,EVC,R,8,0.015151610279533682,0.05353456143605257,visual
382,EVC,R,9,0.05809106605213967,0.04609006150026398,visual
383,EVC,R,10,0.018300537948944793,0.04880481157517729,visual
384,EVC,R,11,0.029306088668826075,0.053568465061857015,visual
385,EVC,R,12,0.09434739801087315,0.04335237225496212,visual
386,EVC,R,13,0.033154778042550764,0.047101302778213776,visual
387,EVC,R,14,0.06340777100783379,0.041744472824303304,visual
388,EVC,R,15,0.04200586586755707,0.053642306569386324,visual
389,EVC,R,16,0.06488249381802605,0.04791648980704453,visual
390,EVC,R,17,0.06049913671323183,0.044063121245416025,visual
391,EVC,R,18,0.08222542486551278,0.043653184172600265,visual
392,EVC,R,19,0.05714701559623864,0.04817390733579716,visual
393,EVC,R,20,0.055638475478375034,0.0471255204691714,visual
394,EVC,R,21,0.1521650661377549,0.046997325951399105,visual
395,EVC,R,22,0.016282872675903597,0.05547940240578758,visual
